id_movimiento,tipo_movimiento,codigo,cantidad,fecha,comprobante,cliente_proveedor,retira_responsable
MOV-00001,Ingreso,02250057-036,1,2025-09-02,,SULLAIR,
MOV-00002,Ingreso,02250218-885,1,2025-09-02,,SULLAIR,
MOV-00003,Ingreso,02250183-425,48,2025-09-02,,SULLAIR,
MOV-00004,Ingreso,02250155-709,6,2025-09-11,,SULLAIR,
MOV-00005,Ingreso,02250215-621,1,2025-09-11,,SULLAIR,
MOV-00006,Ingreso,88290014-484,3,2025-09-11,,SULLAIR,
MOV-00007,Ingreso,02250078-031,1,2025-09-11,,SULLAIR,
MOV-00008,Ingreso,88290014-485,3,2025-09-11,,SULLAIR,
MOV-00009,Ingreso,250025-525,1,2025-09-11,,SULLAIR,
MOV-00010,Ingreso,02250127-684,2,2025-09-11,,SULLAIR,
MOV-00011,Ingreso,02250137-895,1,2025-09-11,,SULLAIR,
MOV-00012,Ingreso,02250125-372,1,2025-09-11,,SULLAIR,
MOV-00013,Ingreso,88290015-049,1,2025-09-11,,SULLAIR,
MOV-00014,Ingreso,FAC973,2,2025-09-22,,VOX,
MOV-00015,Ingreso,HD9841,1,2025-09-22,,VOX,
MOV-00016,Ingreso,AL12,1,2025-09-22,,MAHLE,
MOV-00017,Ingreso,HLP4147,1,2025-09-22,,VOX,
MOV-00018,Ingreso,FBS480/1,1,2025-09-22,,VOX,
MOV-00019,Ingreso,LE2002,1,2025-09-22,,VOX,
MOV-00020,Ingreso,`004115,6,2025-09-22,,PETRAK,
MOV-00021,Ingreso,`004060,6,2025-09-22,,PETRAK,
MOV-00022,Ingreso,02250193-569,1,2025-10-01,,SULLAIR,
MOV-00023,Ingreso,02250193-591,1,2025-10-01,,SULLAIR,
MOV-00024,Ingreso,250028-034,1,2025-10-01,,SULLAIR,
MOV-00025,Ingreso,250028-032,1,2025-10-01,,SULLAIR,
MOV-00026,Ingreso,02250155-709,4,2025-10-01,,SULLAIR,
MOV-00027,Ingreso,02250125-372,3,2025-10-01,,SULLAIR,
MOV-00028,Ingreso,02250215-617,2,2025-10-01,,SULLAIR,
MOV-00029,Ingreso,LF4054-FLE,1,2025-10-01,,FLEETGUARD,
MOV-00030,Ingreso,250019-453,1,2025-10-01,,SULLAIR,
MOV-00031,Ingreso,CC2848-FLE,2,2025-10-01,,FLEETGUARD,
MOV-00032,Ingreso,02250196-470,2,2025-10-01,,SULLAIR,
MOV-00033,Ingreso,OC 47,2,2025-10-02,,VOX,
MOV-00034,Ingreso,LX1056,1,2025-10-02,,VOX,
MOV-00035,Ingreso,KC647/1,1,2025-10-02,,VOX,
MOV-00036,Ingreso,KC648/1,1,2025-10-02,,MAHLE,
MOV-00037,Ingreso,KC51,1,2025-10-02,,MAHLE,
MOV-00038,Ingreso,WF2072,1,2025-10-02,,FLEETGUARD,
MOV-00039,Ingreso,EF-440,3,2025-10-02,,LANSS,
MOV-00040,Ingreso,KC648/1,1,2025-10-06,,MAHLE,
MOV-00041,Ingreso,250041-638,2,2025-10-07,0001-00426688,SULLAIR,
MOV-00042,Ingreso,250027-201,2,2025-10-07,0001-00426688,SULLAIR,
MOV-00043,Ingreso,`001104,1,2025-10-07,0001-00426688,SULLAIR,
MOV-00044,Ingreso,02250196-470,1,2025-10-07,0001-00426688,SULLAIR,
MOV-00045,Ingreso,02250196-471,1,2025-10-13,0001-00427013,SULLAIR,
MOV-00046,Ingreso,02250137-895,2,2025-10-13,0001-00427013,SULLAIR,
MOV-00047,Ingreso,02250215-617,4,2025-10-13,0001-00427013,SULLAIR,
MOV-00048,Ingreso,02250155-709,1,2025-10-13,0001-00427013,SULLAIR,
MOV-00049,Ingreso,WF2073-FLE,2,2025-10-13,0001-00427013,FLEETGUARD,
MOV-00050,Ingreso,250034-116,1,2025-10-13,0001-00427013,SULLAIR,
MOV-00051,Ingreso,250042-862,1,2025-10-13,0001-00427013,SULLAIR,
MOV-00052,Ingreso,250025-525,3,2025-10-13,0001-00427013,SULLAIR,
MOV-00053,Ingreso,250028-032,1,2025-10-13,0001-00427013,SULLAIR,
MOV-00054,Ingreso,88290014-484,3,2025-10-13,0001-00427013,SULLAIR,
MOV-00055,Ingreso,88290015-567,4,2025-10-13,0001-00427013,SULLAIR,
MOV-00056,Ingreso,88290014-485,2,2025-10-13,0001-00427013,SULLAIR,
MOV-00057,Ingreso,88290014-486,4,2025-10-13,0001-00427013,SULLAIR,
MOV-00058,Ingreso,250025-526,2,2025-10-13,0001-00427013,SULLAIR,
MOV-00059,Ingreso,88290015-049,2,2025-10-13,0001-00427013,SULLAIR,
MOV-00060,Ingreso,02250218-885,1,2025-10-13,0001-00427013,SULLAIR,
MOV-00061,Ingreso,02250215-621,1,2025-10-13,0001-00427013,SULLAIR,
MOV-00062,Ingreso,250027-201,1,2025-10-13,0001-00427013,SULLAIR,
MOV-00063,Ingreso,1001092456-JLG,1,2025-10-13,0001-00427013,SULLAIR,
MOV-00064,Ingreso,HP9834,1,2025-10-13,0007-00043035,,
MOV-00065,Ingreso,HK301,1,2025-10-13,0007-00043035,,
MOV-00066,Ingreso,FS40/7,1,2025-10-13,0007-00043035,,
MOV-00067,Ingreso,KC118/1,1,2025-10-13,0007-00043035,,
MOV-00068,Ingreso,HDS839,1,2025-10-13,0007-00043035,,
MOV-00069,Ingreso,AL12,1,2025-10-13,0007-00043035,,
MOV-00070,Ingreso,MR372,1,2025-10-13,0007-00043035,,
MOV-00071,Ingreso,ML1212G,1,2025-10-13,0007-00043035,,
MOV-00072,Ingreso,ML3000,1,2025-10-13,0007-00043035,,
MOV-00073,Ingreso,FS1280,6,2025-10-13,0007-00043035,,
MOV-00074,Ingreso,FF5052,1,2025-10-13,0007-00043035,,
MOV-00075,Ingreso,MR378,3,2025-10-22,,,
MOV-00076,Ingreso,MR378/S,2,2025-10-22,,,
MOV-00077,Ingreso,02250196-470,1,2025-10-22,,SULLAIR,
MOV-00078,Ingreso,270011-274,1,2025-10-23,,SULLAIR,
MOV-00079,Ingreso,011579RA,1,2021-10-24,,SULLAIR,
MOV-00080,Ingreso,250017-280,1,2025-10-28,0001-00427900,SULLAIR,
MOV-00081,Ingreso,042034RA,6,2025-10-28,0001-00427934,SULLAIR,
MOV-00082,Ingreso,70031074-TRA,12,2025-10-28,0001-00427934,SULLAIR,
MOV-00083,Ingreso,70030307-TRA,12,2025-10-28,0001-00427934,SULLAIR,
MOV-00084,Ingreso,1319612-TRA,2,2025-10-28,0001-00427934,SULLAIR,
MOV-00085,Ingreso,1319593-TRA,1,2025-10-28,0001-00427934,SULLAIR,
MOV-00086,Ingreso,1319594-TRA,1,2025-10-28,0001-00427934,SULLAIR,
MOV-00087,Ingreso,8036190-TRA,1,2025-10-28,0001-00427934,SULLAIR,
MOV-00088,Ingreso,049905RA,1,2025-10-31,,,
MOV-00089,Ingreso,LXS261,2,2025-11-03,,,
MOV-00090,Ingreso,LX1056,1,2025-11-03,,,
MOV-00091,Ingreso,LX1070,1,2025-11-03,,,
MOV-00092,Ingreso,LXS260,1,2025-11-03,,,
MOV-00093,Ingreso,R90-30M,1,2025-11-03,,,
MOV-00094,Ingreso,KC83,4,2025-11-03,,,
MOV-00095,Ingreso,OX399/2D,3,2025-11-03,,,
MOV-00096,Ingreso,HLP5053,1,2025-11-03,,,
MOV-00097,Ingreso,OC988,3,2025-11-03,,,
MOV-00098,Ingreso,ML1000G,2,2025-11-03,,,
MOV-00099,Ingreso,02250193-574,1,2025-11-04,,,
MOV-00100,Ingreso,02250193-597,1,2025-11-04,,,
MOV-00101,Ingreso,02250193-567,1,2025-11-04,,,
MOV-00102,Ingreso,02250193-589,1,2025-11-04,,,
MOV-00103,Ingreso,KC454,1,2025-11-10,,,
MOV-00104,Ingreso,ML5052G,1,2025-11-10,,,
MOV-00105,Ingreso,FS19727,1,2025-11-12,,FLEETGUARD,
MOV-00106,Ingreso,02250155-709,6,2025-11-12,001-00428998,SULLAIR,
MOV-00107,Ingreso,02250135-150,1,2025-11-12,001-00428998,,
MOV-00108,Ingreso,02250218-885,2,2025-11-12,001-00428998,,
MOV-00109,Ingreso,250034-085,1,2025-11-12,001-00428998,,
MOV-00110,Ingreso,02250048-734,1,2025-11-12,001-00428998,,
MOV-00111,Ingreso,88290014-485,2,2025-11-12,001-00428998,,
MOV-00112,Ingreso,02250125-372,1,2025-11-12,001-00428998,,
MOV-00113,Ingreso,AF26173-FLE,3,2025-11-12,001-00428998,,
MOV-00114,Ingreso,02250139-995,1,2025-11-12,001-00428998,,
MOV-00115,Ingreso,C635-0011-03-ONA,2,2025-11-12,001-00428998,,
MOV-00116,Ingreso,02250224-269,1,2025-11-12,001-00428998,,
MOV-00117,Ingreso,S00301-238,1,2025-11-12,001-00428998,,
MOV-00118,Ingreso,0400055-JLG,8,2025-11-12,001-00428998,,
MOV-00119,Ingreso,250019-453,2,2025-11-12,001-00428998,,
MOV-00120,Ingreso,02250196-470,1,2025-11-13,,,
MOV-00121,Ingreso,AL12,3,2025-11-18,,REPCENTER,
MOV-00122,Ingreso,OC370,1,2025-11-18,,REPCENTER,
MOV-00123,Ingreso,FS04/7,2,2025-11-18,,REPCENTER,
MOV-00124,Ingreso,LB619,3,2025-11-18,,REPCENTER,
MOV-00125,Ingreso,ML5052G,3,2025-11-18,,ECHANIZ,
MOV-00126,Ingreso,ML1000G,1,2025-11-18,,ECHANIZ,
MOV-00127,Ingreso,ML1212G,2,2025-11-18,,ECHANIZ,
MOV-00128,Ingreso,ML1280G,3,2025-11-18,,ECHANIZ,
MOV-00129,Ingreso,AC314,3,2025-11-18,,ECHANIZ,
MOV-00130,Ingreso,AC763,2,2025-11-18,,ECHANIZ,
MOV-00131,Ingreso,AC341,2,2025-11-18,,ECHANIZ,
MOV-00132,Ingreso,88290017-056,3,2025-11-27,0001-00429553,SULLAIR,
MOV-00133,Ingreso,02250235-913,1,2025-11-27,0001-00429553,SULLAIR,
MOV-00134,Ingreso,02250087-070,1,2025-11-27,0001-00429553,SULLAIR,
MOV-00135,Ingreso,02250093-806,1,2025-11-27,0001-00429553,SULLAIR,
MOV-00136,Ingreso,02250098-622,1,2025-11-27,0001-00429553,SULLAIR,
MOV-00137,Ingreso,826502-215,1,2025-11-27,0001-00429553,SULLAIR,
MOV-00138,Ingreso,250019-453,2,2025-11-27,0001-00429553,SULLAIR,
MOV-00139,Ingreso,250019-451,1,2025-11-27,0001-00429553,SULLAIR,
MOV-00140,Ingreso,02250196-470,1,2025-11-27,0001-00429553,SULLAIR,
MOV-00141,Ingreso,02250155-714,1,2025-11-27,0001-00429703,SULLAIR,
MOV-00142,Ingreso,250019-453,1,2025-11-27,0001-00429703,SULLAIR,
MOV-00143,Ingreso,02250196-470,1,2025-11-27,0001-00429703,SULLAIR,
MOV-00144,Ingreso,1006-3296,1,2026-01-07,0001-00431751,SULLAIR,
MOV-00145,Ingreso,02250193-572,1,2026-01-07,0001-00431751,SULLAIR,
MOV-00146,Ingreso,02250078-031,1,2026-01-07,0001-00431751,SULLAIR,
MOV-00147,Ingreso,250025-526,2,2026-01-07,0001-00431751,SULLAIR,
MOV-00148,Ingreso,250028-032,1,2026-01-07,0001-00431751,SULLAIR,
MOV-00149,Ingreso,02250221-211,1,2026-01-07,0001-00431751,SULLAIR,
MOV-00150,Ingreso,ML5052G,2,2026-01-08,,MOTORLINE,
MOV-00151,Ingreso,250022-669,9,2026-01-09,0001-00431509,SULLAIR,
MOV-00152,Ingreso,02250193-567,1,,,,
MOV-00153,Ingreso,02250193-589,11,,,,
MOV-00154,Ingreso,02250194-958,1,,,,
MOV-00155,Ingreso,02250194-957,1,,,,
MOV-00156,Ingreso,02250137-895,1,,,,
MOV-00157,Ingreso,250025-526,1,,,,
MOV-00158,Ingreso,250034-085,1,,,,
MOV-00159,Ingreso,02250048-734,1,,,,
MOV-00160,Ingreso,FF5421-FLE,1,,,,
MOV-00161,Ingreso,8320265-TRA,1,,,,
MOV-00162,Ingreso,7139077-TRA,1,,,,
MOV-00163,Ingreso,FS1000,1,2026-01-20,,,
MOV-00164,Ingreso,LF3345,1,2026-01-20,,,
MOV-00165,Ingreso,FF5079,1,2026-01-20,,,
MOV-00166,Ingreso,FS1242,1,2026-01-20,,,
MOV-00167,Ingreso,7139077,1,2026-01-20,,,
MOV-00168,Ingreso,02250105-553,1,2026-01-21,,,
MOV-00169,Ingreso,250022-669,6,2026-01-21,,,
MOV-00170,Ingreso,250034-085,1,2026-01-22,0001-00432512,,
MOV-00171,Ingreso,02250048-734,1,2026-01-22,0001-00432512,,
MOV-00172,Ingreso,02250215-617,1,2026-01-22,0001-00432512,,
MOV-00173,Ingreso,02250155-709,1,2026-01-22,0001-00432512,,
MOV-00174,Ingreso,02250145-625,2,2026-01-22,0001-00432512,,
MOV-00175,Ingreso,250019-453,1,2026-01-22,0001-00432512,,
MOV-00176,Ingreso,02250196-470,1,2026-01-22,0001-00432512,,
MOV-00177,Ingreso,02250155-709,1,2026-01-23,0001-00432727,,
MOV-00178,Ingreso,02250125-372,3,2026-01-23,0001-00432727,,
MOV-00179,Ingreso,02250215-617,4,2026-01-23,0001-00432727,,
MOV-00180,Ingreso,02250215-621,2,2026-01-23,0001-00432727,,
MOV-00181,Ingreso,248755,1,2026-01-23,0001-00432727,,
MOV-00182,Ingreso,02250127-175,1,2026-01-27,,SULLAIR,
MOV-00183,Ingreso,250025-364,1,2026-01-27,,SULLAIR,
MOV-00184,Ingreso,C635-0011-03,2,2026-01-27,,CUMMINS,
MOV-00185,Ingreso,´004125,6,2026-01-29,0007-00048738,REPCENTER,
MOV-00186,Ingreso,´004060,6,2026-01-29,0007-00048738,REPCENTER,
MOV-00187,Ingreso,KC637,1,2026-01-29,0007-00048738,REPCENTER,
MOV-00188,Ingreso,KC595,1,2026-01-29,0007-00048738,REPCENTER,
MOV-00189,Ingreso,HD9837/LX1070,1,2026-01-29,0007-00048738,REPCENTER,
MOV-00190,Ingreso,HDS837LXS261,1,2026-01-29,0007-00048738,REPCENTER,
MOV-00191,Ingreso,WF2071,1,2026-01-29,0007-00048738,REPCENTER,
MOV-00192,Ingreso,AL12,2,2026-01-29,0007-00048738,REPCENTER,
MOV-00193,Ingreso,02250139-995,4,2026-01-30,0001-00433057,SULLAIR,
MOV-00194,Ingreso,02250175-062,2,2026-01-30,0001-00433057,SULLAIR,
MOV-00195,Ingreso,02250175-063,2,2026-01-30,0001-00433057,SULLAIR,
MOV-00196,Ingreso,408107,1,2026-01-30,0001-00433057,SULLAIR,
MOV-00197,Ingreso,02250215-617,2,2026-01-30,0001-00433057,SULLAIR,
MOV-00198,Ingreso,02250215-621,2,2026-01-30,0001-00433057,SULLAIR,
MOV-00199,Ingreso,02250168-053,2,2026-01-30,0001-00433057,SULLAIR,
MOV-00200,Ingreso,02250168-084,1,2026-01-30,0001-00433057,SULLAIR,
MOV-00201,Ingreso,250028-032,1,2026-01-30,0001-00433057,SULLAIR,
MOV-00202,Ingreso,250025-526,2,2026-01-30,0001-00433057,SULLAIR,
MOV-00203,Ingreso,02250117-782,2,2026-01-30,0001-00433057,SULLAIR,
MOV-00204,Ingreso,02250193-535,4,2026-01-30,0001-00433057,SULLAIR,
MOV-00205,Ingreso,02250196-470,1,2026-01-30,0001-00433057,SULLAIR,
MOV-00206,Ingreso,OC26,2,2026-01-03,00058-00069381,ECHANIZ,
MOV-00207,Ingreso,OC175,2,2026-01-03,00058-00069381,ECHANIZ,
MOV-00208,Ingreso,KX67/2D,2,2026-01-03,00058-00069381,ECHANIZ,
MOV-00209,Ingreso,KC440,2,2026-01-03,00058-00069381,ECHANIZ,
MOV-00210,Ingreso,OX161/D,2,2026-01-03,00058-00069381,ECHANIZ,
MOV-00211,Ingreso,HD932-2 X,2,2026-02-09,0011-00817357,MANN,
MOV-00212,Ingreso,7013301-JLG,1,2026-02-10,0001-00433360,SULLAIR,
MOV-00213,Ingreso,02250193-571,3,2026-02-10,0001-00433576,SULLAIR,
MOV-00214,Ingreso,02250193-593,3,2026-02-10,0001-00433576,SULLAIR,
MOV-00215,Ingreso,88290014-485,9,2026-02-10,0001-00433576,SULLAIR,
MOV-00216,Ingreso,02250226-353,1,2026-02-10,0001-00433576,SULLAIR,
MOV-00217,Ingreso,250041-638,1,2026-02-10,0001-00433576,SULLAIR,
MOV-00218,Ingreso,HD9841/LS2621,2,2026-02-11,0007-00049378,REPCENTER,
MOV-00219,Ingreso,HD9837/LX1070,2,2026-02-11,0007-00049378,REPCENTER,
MOV-00220,Ingreso,HDS837/LXS261,2,2026-02-11,0007-00049378,REPCENTER,
MOV-00221,Ingreso,P5113,1,2026-02-13,00058-00069487,ECHANIZ,
MOV-00222,Ingreso,AL12,2,2026-02-13,00058-00069487,ECHANIZ,
MOV-00223,Ingreso,KX710D,2,2026-02-13,00058-00069487,ECHANIZ,
MOV-00224,Ingreso,VP-1748,1,2026-02-13,0007-00049589,REPCENTER,
MOV-00225,Ingreso,VP-1748/S,1,2026-02-13,0007-00049589,REPCENTER,
MOV-00226,Ingreso,G-1316,1,2026-02-13,0007-00049589,REPCENTER,
MOV-00227,Ingreso,FF5272,1,2026-02-13,0007-00049557,REPCENTER,
MOV-00228,Ingreso,HF35305,1,2026-02-13,0007-00049557,REPCENTER,
MOV-00229,Ingreso,HF9500,1,2026-02-13,0007-00049557,REPCENTER,
MOV-00230,Ingreso,FS19914,1,2026-02-13,0007-00049557,REPCENTER,
MOV-00231,Ingreso,LF3400,1,2026-02-13,0007-00049557,REPCENTER,
MOV-00232,Ingreso,LF16011,1,2026-02-13,0007-00049557,REPCENTER,
MOV-00233,Ingreso,FF149,1,2026-02-13,0007-00049557,REPCENTER,
MOV-00234,Ingreso,FS20009,1,2026-02-18,0007-00049630,REPCENTER,
MOV-00235,Ingreso,HF35018,1,2026-02-18,0007-00049630,REPCENTER,
MOV-00236,Ingreso,VP-2709/S,1,2026-02-18,0007-00049630,REPCENTER,
MOV-00237,Ingreso,250018-427,2,2026-02-24,0001-00434128,SULLAIR,
MOV-00238,Ingreso,88290015-890,1,2026-02-24,0001-00434128,SULLAIR,
MOV-00239,Ingreso,88290015-891,1,2026-02-24,0001-00434128,SULLAIR,
MOV-00240,Ingreso,270016-209,1,2026-02-24,0001-00434128,SULLAIR,
MOV-00241,Ingreso,250019-453,3,2026-02-24,0001-00434128,SULLAIR,
MOV-00242,Ingreso,02250152-670,1,2026-02-24,0001-00434128,SULLAIR,
MOV-00243,Ingreso,88290017-056,6,2026-02-24,0001-00434137,SULLAIR,
MOV-00244,Ingreso,68MR1600,1,2026-02-24,0001-00434137,SULLAIR,
MOV-00245,Ingreso,68CJ0825,1,2026-02-24,0001-00434137,SULLAIR,
MOV-00246,Ingreso,68723227,1,2026-02-24,0001-00434137,SULLAIR,
MOV-00247,Ingreso,68CJ0026,1,2026-02-24,0001-00434137,SULLAIR,
MOV-00248,Ingreso,68722579,1,2026-02-24,0001-00434137,SULLAIR,
MOV-00249,Ingreso,68723244,1,2026-02-24,0001-00434137,SULLAIR,
MOV-00250,Ingreso,68MR1301,1,2026-02-24,0001-00434137,SULLAIR,
MOV-00251,Ingreso,68780320,1,2026-02-24,0001-00434137,SULLAIR,
MOV-00252,Ingreso,FS19732,4,2026-02-26,0001-00434251,SULLAIR,
MOV-00253,Ingreso,FF5580,4,2026-02-26,0001-00434251,SULLAIR,
MOV-00254,Ingreso,02250111-804,1,2026-02-26,0001-00434251,SULLAIR,
MOV-00255,Ingreso,250028-032,1,2026-02-26,0001-00434251,SULLAIR,
MOV-00256,Ingreso,02250215-617,1,2026-02-26,0001-00434251,SULLAIR,
MOV-00257,Ingreso,02250215-621,3,2026-02-26,0001-00434251,SULLAIR,
MOV-00258,Ingreso,02250168-084,2,2026-02-26,0001-00434251,SULLAIR,
MOV-00259,Ingreso,02250127-684,2,2026-02-26,0001-00434251,SULLAIR,
MOV-00260,Ingreso,882914-485,4,2026-02-26,0001-00434251,SULLAIR,
MOV-00261,Ingreso,02250193-535,2,2026-02-26,0001-00434251,SULLAIR,
MOV-00262,Ingreso,WF2074,1,2026-02-26,0007-00050126,REPCENTER,
MOV-00263,Ingreso,KX24,1,2026-02-26,0007-00050126,REPCENTER,
MOV-00264,Ingreso,LF3970,1,2026-02-26,0007-00050126,REPCENTER,
MOV-00265,Ingreso,FBS490/1,1,2026-02-26,0007-00050126,REPCENTER,
MOV-00266,Ingreso,FBS480/1,1,2026-02-26,0007-00050126,REPCENTER,
MOV-00267,Ingreso,LE119,1,2026-02-26,0007-00050126,REPCENTER,
MOV-00268,Ingreso,02250194-922,1,2026-02-25,0001-00434392,SULLAIR,
MOV-00269,Ingreso,02250194-924,1,2026-02-25,0001-00434392,SULLAIR,
MOV-00270,Ingreso,FS19732,2,2026-02-25,0001-00434392,SULLAIR,
MOV-00271,Ingreso,88290014-484,6,2026-02-25,0001-00434392,SULLAIR,
MOV-00272,Ingreso,88290014-485,5,2026-02-25,0001-00434392,SULLAIR,
MOV-00273,Ingreso,02250215-621,1,2026-02-25,0001-00434392,SULLAIR,
MOV-00274,Ingreso,88290014-486,2,2026-02-25,0001-00434392,SULLAIR,
MOV-00275,Ingreso,88290014-567,2,2026-02-25,0001-00434392,SULLAIR,
MOV-00276,Ingreso,02250155-709,2,2026-02-25,0001-00434392,SULLAIR,
MOV-00277,Ingreso,250025-525,1,2026-02-25,0001-00434392,SULLAIR,
MOV-00278,Ingreso,02250164-606,2,2026-02-25,0001-00434392,SULLAIR,
MOV-00279,Ingreso,S00301-238,2,2026-02-25,0001-00434392,SULLAIR,
MOV-00280,Ingreso,250022-669,16,2026-02-25,0001-00434392,SULLAIR,
MOV-00281,Ingreso,LF9009,4,2026-03-03,0007-00050407,REPCENTER,
MOV-00282,Ingreso,WF2076,4,2026-03-03,0007-00050407,REPCENTER,
MOV-00283,Ingreso,V-720,1,2026-03-03,0007-00050407,REPCENTER,
MOV-00284,Ingreso,V-719,1,2026-03-03,0007-00050407,REPCENTER,
MOV-00285,Ingreso,CE3022,1,2026-03-03,0007-00050407,REPCENTER,
MOV-00286,Ingreso,LE119,1,2026-03-03,0007-00050407,REPCENTER,
MOV-00287,Ingreso,FS41,2,2026-03-03,0007-00050407,REPCENTER,
MOV-00288,Ingreso,MR372,2,2026-03-04,00058-00069652,ECHANIZ,
MOV-00289,Ingreso,6205-2Z/C3,1,2026-03-10,00014-00026335,Aldo F Benito e Hijos,
MOV-00290,Ingreso,6204-2C/C3,1,2026-03-10,00014-00026335,Aldo F Benito e Hijos,
MOV-00291,Ingreso,6311-2RS1/C3,1,2026-03-10,00014-00026335,Aldo F Benito e Hijos,
MOV-00292,Ingreso,6211-2RS1/C3,1,2026-03-10,00014-00026335,Aldo F Benito e Hijos,
MOV-00293,Ingreso,30204-NSK,2,2026-03-10,00014-00026335,Aldo F Benito e Hijos,
MOV-00294,Ingreso,32206/VA983,1,2026-03-10,00014-00026335,Aldo F Benito e Hijos,
MOV-00295,Ingreso,NU 2206 ECP/C3,1,2026-03-10,00014-00026335,Aldo F Benito e Hijos,
MOV-00296,Ingreso,OX153/7D,1,2026-03-13,00058-00069745,ECHANIZ,
MOV-00297,Ingreso,LX1845,1,2026-03-13,00058-00069745,ECHANIZ,
MOV-00298,Ingreso,AC975,1,2026-03-13,00058-00069745,ECHANIZ,
MOV-00299,Ingreso,MR331,1,2026-03-13,00058-00069745,ECHANIZ,
MOV-00300,Ingreso,250034-116,1,2026-03-13,0001-004352226,SULLAIR,
MOV-00301,Ingreso,250042-862,1,2026-03-13,0001-004352226,SULLAIR,
MOV-00302,Ingreso,FS19732,1,2026-03-13,0001-004352226,SULLAIR,
MOV-00303,Ingreso,02250100-755,1,2026-03-13,0001-004352226,SULLAIR,
MOV-00304,Ingreso,02250100-756,1,2026-03-13,0001-004352226,SULLAIR,
MOV-00305,Ingreso,02250137-895,3,2026-03-13,0001-004352226,SULLAIR,
MOV-00306,Ingreso,FS1275,1,2026-03-13,0001-004352226,SULLAIR,
MOV-00307,Ingreso,0140-4317,1,2026-03-13,0001-004352226,SULLAIR,
MOV-00308,Ingreso,0140-4318,1,2026-03-13,0001-004352226,SULLAIR,
MOV-00309,Ingreso,02250069-073,1,2026-03-13,0001-004352226,SULLAIR,
MOV-00310,Ingreso,02250193-535,2,2026-03-13,0001-004352226,SULLAIR,
MOV-00311,Ingreso,AF1855,1,2026-03-13,0001-00435225,SULLAIR,
MOV-00312,Ingreso,02250194-918,1,2026-03-13,0001-00435225,SULLAIR,
MOV-00313,Ingreso,02250194-916,1,2026-03-13,0001-00435225,SULLAIR,
MOV-00314,Ingreso,FF5580,4,2026-03-13,0001-00435225,SULLAIR,
MOV-00315,Ingreso,FS19732,4,2026-03-13,0001-00435225,SULLAIR,
MOV-00316,Ingreso,250034-087,1,2026-03-13,0001-00435225,SULLAIR,
MOV-00317,Ingreso,02250127-684,3,2026-03-13,0001-00435225,SULLAIR,
MOV-00318,Ingreso,02250215-621,1,2026-03-13,0001-00435225,SULLAIR,
MOV-00319,Ingreso,02250155-709,1,2026-03-13,0001-00435225,SULLAIR,
MOV-00320,Ingreso,02250137-895,1,2026-03-13,0001-00435225,SULLAIR,
MOV-00321,Ingreso,250031-771,2,2026-03-13,0001-00435225,SULLAIR,
MOV-00322,Ingreso,02250222-783,1,2026-03-13,0001-00435225,SULLAIR,
MOV-00323,Ingreso,CC2848,2,2026-03-13,0001-00435225,SULLAIR,
MOV-00324,Ingreso,02250196-470,2,2026-03-13,0001-00435225,SULLAIR,
MOV-00325,Ingreso,AH19037,1,2026-03-16,0007-00051026,REPCENTER,
MOV-00326,Ingreso,02250193-594,2,2026-03-16,,IMPORTADO,
MOV-00327,Ingreso,02250193-572,2,2026-03-16,,IMPORTADO,
MOV-00328,Ingreso,02250194-972,1,2026-03-16,,IMPORTADO,
MOV-00329,Ingreso,02250194-924,3,2026-03-16,,IMPORTADO,
MOV-00330,Ingreso,02250194-922,3,2026-03-16,,IMPORTADO,
MOV-00331,Ingreso,02250193-593,1,2026-03-16,,IMPORTADO,
MOV-00332,Ingreso,02250193-591,1,2026-03-16,,IMPORTADO,
MOV-00333,Ingreso,02250194-973,1,2026-03-16,,IMPORTADO,
MOV-00334,Ingreso,02250193-593,1,2026-03-16,,IMPORTADO,
MOV-00335,Ingreso,02250193-569,1,2026-03-16,,IMPORTADO,
MOV-00336,Ingreso,02250194-957,2,2026-03-16,,IMPORTADO,
MOV-00337,Ingreso,02250194-958,2,2026-03-16,,IMPORTADO,
MOV-00338,Ingreso,02250193-588,1,2026-03-16,,IMPORTADO,
MOV-00339,Ingreso,02250193-589,2,2026-03-16,,IMPORTADO,
MOV-00340,Ingreso,02250193-567,2,2026-03-16,,IMPORTADO,
MOV-00341,Ingreso,02250193-566,2,2026-03-16,,IMPORTADO,
MOV-00342,Ingreso,02250193-587,2,2026-03-16,,IMPORTADO,
MOV-00343,Ingreso,02250193-565,1,2026-03-16,,IMPORTADO,
MOV-00344,Ingreso,`040899,1,2026-03-16,,IMPORTADO,
MOV-00345,Ingreso,´042582,1,2026-03-17,0001-00435455,SULLAIR,
MOV-00346,Ingreso,02250155-709,10,2026-03-19,0001-00435578,SULLAIR,
MOV-00347,Ingreso,02250125-372,10,2026-03-19,0001-00435578,SULLAIR,
MOV-00348,Ingreso,02250215-617,3,2026-03-19,0001-00435578,SULLAIR,
MOV-00349,Ingreso,02250078-031,1,2026-03-19,0001-00435578,SULLAIR,
MOV-00350,Ingreso,1001186466,1,2026-03-19,0001-00435578,SULLAIR,
MOV-00351,Ingreso,4360371,1,2026-03-19,0001-00435578,SULLAIR,
MOV-00352,Ingreso,250019-451,1,2026-03-19,0001-00435578,SULLAIR,
MOV-00353,Ingreso,250031-438,1,2026-03-19,0001-00435578,SULLAIR,
MOV-00354,Ingreso,6312-2rs1/c3,1,2026-03-19,00014-00026419,Aldo F Benito e Hijos,
MOV-00355,Ingreso,6212-2z/c3,1,2026-03-19,00014-00026419,Aldo F Benito e Hijos,
MOV-00356,Ingreso,HX15,1,2026-03-20,AM,MAHLE,
MOV-00357,Ingreso,KC24,1,2026-03-20,AM,MAHLE,
MOV-00358,Ingreso,KC118/1,1,2026-03-20,AM,MAHLE,
MOV-00359,Ingreso,KC618,1,2026-03-20,AM,MAHLE,
MOV-00360,Ingreso,KC118/1,1,2026-03-20,AM,MANN,
MOV-00361,Ingreso,WK940/1,3,2026-03-20,AM,MANN,
MOV-00362,Ingreso,AL12,1,2026-03-20,AM,MAHLE,
MOV-00363,Ingreso,KL239,1,2026-03-20,AM,VOX,
MOV-00364,Ingreso,LF3000,1,2026-03-20,AM,VOX,
MOV-00365,Ingreso,FBS490/1,1,2026-03-20,AM,VOX,
MOV-00366,Ingreso,179-9806,1,2026-03-20,AM,STAL,
MOV-00367,Ingreso,HD9839,1,2026-03-20,AM,VOX,
MOV-00368,Ingreso,YPF,6,2026-03-26,00058-00069879,ECHANIZ,
MOV-00369,Ingreso,MC003,2,2026-03-26,00058-00069879,,
MOV-00370,Ingreso,FF-560R/S,2,2026-03-26,00058-00069879,,
MOV-00371,Ingreso,OC282,1,2026-03-26,00058-00069879,,
MOV-00372,Ingreso,KC637D,2,2026-03-26,00058-00069879,,
MOV-00373,Ingreso,OX389/1D,2,2026-03-26,00058-00069879,,
MOV-00374,Ingreso,KL582,2,2026-03-26,00058-00069879,,
MOV-00375,Ingreso,AA2366,2,2026-03-26,00058-00069879,,
MOV-00376,Ingreso,FF105,1,2026-03-27,0007-00051746,REPCENTER,
MOV-00377,Ingreso,LF4054,1,2026-03-27,0007-00051746,REPCENTER,
MOV-00378,Ingreso,LB962,1,2026-03-27,0007-00051746,REPCENTER,
MOV-00379,Ingreso,HD9837,2,2026-03-27,0007-00051746,REPCENTER,
MOV-00380,Ingreso,HDS837,2,2026-03-27,0007-00051746,REPCENTER,
MOV-00381,Ingreso,26.687,1,2026-03-27,0007-00051746,REPCENTER,
MOV-00382,Ingreso,02250215-617,3,2026-03-30,0001-00436125,SULLAIR,
MOV-00383,Ingreso,02250215-621,5,2026-03-30,0001-00436125,SULLAIR,
MOV-00384,Ingreso,02250193-569,1,2026-03-30,0001-00436125,SULLAIR,
MOV-00385,Ingreso,42582,1,2026-03-30,0001-00436125,SULLAIR,
MOV-00386,Ingreso,02250110-988,1,2026-03-30,0001-00436125,SULLAIR,
MOV-00387,Ingreso,C635-0011-01-ONA,1,2026-03-30,0001-00436125,SULLAIR,
MOV-00388,Ingreso,02250175-062,1,2026-04-01,0001-00436219,SULLAIR,
MOV-00389,Ingreso,02250175-063,2,2026-04-01,0001-00436219,SULLAIR,
MOV-00390,Ingreso,02250137-895,4,2026-04-01,0001-00436219,SULLAIR,
MOV-00391,Ingreso,88290015-567,1,2026-04-01,0001-00436219,SULLAIR,
MOV-00392,Ingreso,88290014-486,2,2026-04-01,0001-00436219,SULLAIR,
MOV-00393,Ingreso,250025-525,2,2026-04-01,0001-00436219,SULLAIR,
MOV-00394,Ingreso,8223054-TRA,1,2026-04-01,0001-00436219,SULLAIR,
MOV-00395,Ingreso,02250193-535,2,2026-04-01,0001-00436219,SULLAIR,
MOV-00396,Ingreso,02250196-470,2,2026-04-01,0001-00436219,SULLAIR,
MOV-00397,Ingreso,250022-669,2,2026-04-01,0001-00436219,SULLAIR,
MOV-00398,Ingreso,02250078-031,2,2026-04-01,0001-00436219,SULLAIR,
MOV-00399,Ingreso,1318821,1,2026-04-09,0120-00249581,TRACKMAR,
MOV-00400,Ingreso,1318822,1,2026-04-09,0120-00249581,TRACKMAR,
MOV-00401,Ingreso,1R1804,1,2026-04-09,0120-00249581,TRACKMAR,
MOV-00402,Ingreso,3223155,1,2026-04-09,0120-00249581,TRACKMAR,
MOV-00403,Ingreso,5I8670,1,2026-04-09,0120-00249581,TRACKMAR,
MOV-00404,Ingreso,´0937521,1,2026-04-09,0120-00249581,TRACKMAR,
MOV-00405,Ingreso,4385386,1,2026-04-09,0120-00249581,TRACKMAR,
MOV-00406,Ingreso,02250137-895,1,2026-04-09,0001-00436532,SULLAIR,
MOV-00407,Ingreso,88290015-567,2,2026-04-09,0001-00436532,SULLAIR,
MOV-00408,Ingreso,88290014-486,2,2026-04-09,0001-00436532,SULLAIR,
MOV-00409,Ingreso,02250168-084,1,2026-04-09,0001-00436532,SULLAIR,
MOV-00410,Ingreso,250028-032,2,2026-04-09,0001-00436532,SULLAIR,
MOV-00411,Ingreso,250025-526,2,2026-04-09,0001-00436532,SULLAIR,
MOV-00412,Ingreso,250025-525,2,2026-04-09,0001-00436532,SULLAIR,
MOV-00413,Ingreso,88290014-485,2,2026-04-09,0001-00436532,SULLAIR,
MOV-00414,Ingreso,88290015-049,2,2026-04-09,0001-00436532,SULLAIR,
MOV-00415,Ingreso,02250215-621,1,2026-04-09,0001-00436532,SULLAIR,
MOV-00416,Ingreso,02250125-372,1,2026-04-09,0001-00436532,SULLAIR,
MOV-00417,Ingreso,02250127-684,1,2026-04-09,0001-00436532,SULLAIR,
MOV-00418,Ingreso,02250155-709,2,2026-04-09,0001-00436532,SULLAIR,
MOV-00419,Ingreso,A41018-B&L,3,2026-04-09,0001-00436532,SULLAIR,
MOV-00420,Ingreso,02250196-470,2,2026-04-09,0001-00436532,SULLAIR,
MOV-00421,Ingreso,250022-669,2,2026-04-09,0001-00436532,SULLAIR,
MOV-00422,Ingreso,88290017-056,9,2026-04-14,0001-00436847,SULLAIR,
MOV-00423,Ingreso,4460465-JLG,10,2026-04-14,0001-00436847,SULLAIR,
MOV-00424,Ingreso,250017-280,1,2026-04-14,0001-00436847,SULLAIR,
MOV-00425,Ingreso,02250196-470,2,2026-04-14,0001-00436847,SULLAIR,
MOV-00426,Ingreso,250022-669,2,2026-04-14,0001-00436847,SULLAIR,
MOV-00427,Ingreso,FF5079,1,2026-04-15,0007-00052547,REPCENTER,
MOV-00428,Ingreso,LX265,1,2026-04-15,0007-00052547,REPCENTER,
MOV-00429,Ingreso,LXS41/1,1,2026-04-15,0007-00052547,REPCENTER,
MOV-00430,Ingreso,LX236,1,2026-04-15,0007-00052547,REPCENTER,
MOV-00431,Ingreso,LA1045,2,2026-04-15,0007-00052547,REPCENTER,
MOV-00432,Ingreso,OC235,1,2026-04-15,0007-00052547,REPCENTER,
MOV-00433,Ingreso,OC988,1,2026-04-15,0007-00052547,REPCENTER,
MOV-00434,Ingreso,LXS37/1,2,2026-04-15,0007-00052547,REPCENTER,
MOV-00435,Ingreso,KC647/1,1,2026-04-15,0007-00052547,REPCENTER,
MOV-00436,Ingreso,CE3022,2,2026-04-15,0007-00052547,REPCENTER,
MOV-00437,Ingreso,HS801,1,2026-04-15,0007-00052547,REPCENTER,
MOV-00438,Ingreso,HP8528,1,2026-04-15,0007-00052547,REPCENTER,
MOV-00439,Ingreso,KC182,1,2026-04-15,0007-00052547,REPCENTER,
MOV-00440,Ingreso,OC1009,2,2026-04-15,0007-00052547,REPCENTER,
MOV-00441,Ingreso,OC196,2,2026-04-15,0007-00052547,REPCENTER,
MOV-00442,Ingreso,LB619,4,2026-04-15,0007-00052547,REPCENTER,
MOV-00443,Ingreso,LF3349,3,2026-04-15,0007-00052547,REPCENTER,
MOV-00444,Ingreso,LE2002,2,2026-04-15,0007-00052547,REPCENTER,
MOV-00445,Ingreso,1001146963-JLG,1,2026-04-16,0001-00437119,SULLAIR,
MOV-00446,Ingreso,250021-405,1,2026-04-16,0001-00437119,SULLAIR,
MOV-00447,Ingreso,02250196-470,1,2026-04-16,0001-00437119,SULLAIR,
MOV-00448,Ingreso,250022-669,2,2026-04-16,0001-00437119,SULLAIR,
MOV-00449,Ingreso,AF1638-FLE,1,2026-04-16,0001-00437119,SULLAIR,
MOV-00450,Ingreso,FS1275-FLE,1,2026-04-16,0001-00437119,SULLAIR,
MOV-00451,Ingreso,AF26044-FLE,1,2026-04-16,0001-00437119,SULLAIR,
MOV-00452,Ingreso,250028-032,1,2026-04-16,0001-00437119,SULLAIR,
MOV-00453,Ingreso,250028-033,1,2026-04-16,0001-00437119,SULLAIR,
MOV-00454,Ingreso,02250111-804,1,2026-04-16,0001-00437119,SULLAIR,
MOV-00455,Ingreso,250025-526,3,2026-04-16,0001-00437119,SULLAIR,
MOV-00456,Ingreso,88290015-567,3,2026-04-16,0001-00437119,SULLAIR,
MOV-00457,Ingreso,88290014-486,2,2026-04-16,0001-00437119,SULLAIR,
MOV-00458,Ingreso,88290014-485,2,2026-04-16,0001-00437119,SULLAIR,
MOV-00459,Ingreso,88290014-484,4,2026-04-16,0001-00437119,SULLAIR,
MOV-00460,Ingreso,02250168-053,1,2026-04-16,0001-00437119,SULLAIR,
MOV-00461,Ingreso,02250168-084,1,2026-04-16,0001-00437119,SULLAIR,
MOV-00462,Ingreso,02250135-150,1,2026-04-16,0001-00437119,SULLAIR,
MOV-00463,Ingreso,88290015-049,1,2026-04-16,0001-00437119,SULLAIR,
MOV-00464,Ingreso,122-0922-ONA,1,2026-04-16,0001-00437119,SULLAIR,
MOV-00465,Ingreso,CC2848-FLE,1,2026-04-16,0001-00437119,SULLAIR,
MOV-00466,Ingreso,02250099-448,1,2026-04-16,0001-00437119,SULLAIR,
MOV-00467,Ingreso,250034-116,2,2026-04-21,0001-00437243,SULLAIR,
MOV-00468,Ingreso,250042-862,2,2026-04-21,0001-00437243,SULLAIR,
MOV-00469,Ingreso,02250218-885,2,2026-04-21,0001-00437243,SULLAIR,
MOV-00470,Ingreso,02250117-782,2,2026-04-21,0001-00437243,SULLAIR,
MOV-00471,Ingreso,02250177-150,1,2026-04-21,0001-00437243,SULLAIR,
MOV-00472,Ingreso,02250171-245,2,2026-04-21,0001-00437243,SULLAIR,
MOV-00473,Ingreso,02250166-220,1,2026-04-21,0001-00437243,SULLAIR,
MOV-00474,Ingreso,02250164-206,1,2026-04-21,0001-00437243,SULLAIR,
MOV-00475,Ingreso,02250152-671,2,2026-04-21,0001-00437243,SULLAIR,
MOV-00476,Ingreso,02250152-635,1,2026-04-21,0001-00437243,SULLAIR,
MOV-00477,Ingreso,250019-453,1,2026-04-21,0001-00437243,SULLAIR,
MOV-00478,Ingreso,7023543-JLG,1,2026-04-21,0001-00437243,SULLAIR,
MOV-00479,Ingreso,02250196-470,5,2026-04-21,0001-00437243,SULLAIR,
MOV-00480,Ingreso,ML5052,2,2026-04-24,00058-00070170,ECHANIZ,
MOV-00481,Ingreso,ML1280,1,2026-04-24,00058-00070170,ECHANIZ,
MOV-00482,Ingreso,AC744,2,2026-04-24,00058-00070170,ECHANIZ,
MOV-00483,Ingreso,AL458,2,2026-04-24,00058-00070170,ECHANIZ,
MOV-00484,Ingreso,02250193-572,1,2026-04-27,0001-00437679,SULLAIR,
MOV-00485,Ingreso,02250193-594,1,2026-04-27,0001-00437679,SULLAIR,
MOV-00486,Ingreso,88290014-484,1,2026-04-27,0001-00437679,SULLAIR,
MOV-00487,Ingreso,88290014-485,1,2026-04-27,0001-00437679,SULLAIR,
MOV-00488,Ingreso,88290015-567,1,2026-04-27,0001-00437679,SULLAIR,
MOV-00489,Ingreso,250025-526,1,2026-04-27,0001-00437679,SULLAIR,
MOV-00490,Ingreso,02250218-885,1,2026-04-27,0001-00437679,SULLAIR,
MOV-00491,Ingreso,02250215-621,1,2026-04-27,0001-00437679,SULLAIR,
MOV-00492,Ingreso,250022-669,2,2026-04-27,0001-00437679,SULLAIR,
MOV-00493,Ingreso,02250176-856,1,2026-04-27,0001-00437679,SULLAIR,
MOV-00494,Ingreso,270009-082 (EF441),8,2026-04-28,0002-00013677,FRECCIA,
MOV-00495,Ingreso,EF-435,4,2026-04-28,0002-00013677,FRECCIA,
MOV-00496,Ingreso,EF-443,2,2026-04-28,0002-00013677,FRECCIA,
MOV-00497,Ingreso,EF-436,2,2026-04-28,0002-00013677,FRECCIA,
MOV-00498,Ingreso,EF-429,5,2026-05-04,0001-00013701,FRECCIA,
MOV-00499,Ingreso,02250097-349,1,2026-04-27,0001-00437941,SULLAIR,
MOV-00500,Ingreso,02250223-411,1,2026-04-29,0001-00438134,SULLAIR,
MOV-00501,Ingreso,02250127-684,3,2026-04-29,0001-00438134,SULLAIR,
MOV-00502,Ingreso,02250168-084,4,2026-04-29,0001-00438134,SULLAIR,
MOV-00503,Ingreso,02250215-621,2,2026-04-29,0001-00438134,SULLAIR,
MOV-00504,Ingreso,88290015-049,2,2026-04-29,0001-00438134,SULLAIR,
MOV-00505,Ingreso,88290014-484,3,2026-04-29,0001-00438134,SULLAIR,
MOV-00506,Ingreso,02250155-709,2,2026-04-29,0001-00438134,SULLAIR,
MOV-00507,Ingreso,140-4088-ONA,1,2026-04-29,0001-00438134,SULLAIR,
MOV-00508,Ingreso,02250220-866,1,2026-04-29,0001-00438134,SULLAIR,
MOV-00509,Ingreso,011579RA,1,2026-04-29,0001-00438134,SULLAIR,
MOV-00510,Ingreso,250019-453,1,2026-04-29,0001-00438134,SULLAIR,
MOV-00511,Ingreso,02250057-036,1,2026-04-29,0001-00438134,SULLAIR,
MOV-00512,Ingreso,02250196-470,2,2026-04-29,0001-00438134,SULLAIR,
MOV-00513,Ingreso,250022-669,2,2026-04-29,0001-00438134,SULLAIR,
MOV-00514,Ingreso,AF25555,2,2026-05-11,0007-00053833,,
MOV-00515,Ingreso,HD9841,2,2026-05-11,0007-00053833,,
MOV-00516,Ingreso,HD9837,2,2026-05-11,0007-00053833,,
MOV-00517,Ingreso,HDS839,2,2026-05-11,0007-00053833,,
MOV-00518,Ingreso,HDS837,2,2026-05-11,0007-00053833,,
MOV-00519,Ingreso,FS41,2,2026-05-11,0007-00053833,,
MOV-00520,Ingreso,KC647D,2,2026-05-11,0007-00053833,,
MOV-00521,Ingreso,LB283,2,2026-05-11,0007-00053833,,
MOV-00522,Ingreso,FBD75,1,2026-05-11,0007-00053833,,
MOV-00523,Ingreso,LE2002,1,2026-05-11,0007-00053833,,
MOV-00524,Ingreso,LF3345,1,2026-05-11,0007-00053833,,
MOV-00525,Ingreso,ML3349O,1,2026-05-11,0007-00053833,,
MOV-00526,Ingreso,ML2073W,1,2026-05-11,0007-00053833,,
MOV-00527,Ingreso,OC1738,1,2026-05-11,0007-00053833,,
MOV-00528,Ingreso,ML5052G,1,2026-05-11,0007-00053833,,
MOV-00529,Ingreso,250034-112,1,2026-05-11,0001-00438418,,
MOV-00530,Ingreso,AF25484,2,2026-05-11,0001-00438418,,
MOV-00531,Ingreso,270016-627,1,2026-05-11,0001-00438418,,
MOV-00532,Ingreso,270016-419,1,2026-05-11,0001-00438418,,
MOV-00533,Ingreso,02250215-621,1,2026-05-11,0001-00438418,,
MOV-00534,Ingreso,02250127-684,4,2026-05-11,0001-00438418,,
MOV-00535,Ingreso,02250155-709,7,2026-05-11,0001-00438418,,
MOV-00536,Ingreso,02250117-782,2,2026-05-11,0001-00438418,,
MOV-00537,Ingreso,02250125-372,2,2026-05-11,0001-00438418,,
MOV-00538,Ingreso,02250193-569,1,2026-05-11,0001-00438418,,
MOV-00539,Ingreso,02250193-591,1,2026-05-11,0001-00438418,,
MOV-00540,Ingreso,88290014-485,2,2026-05-11,0001-00438418,,
MOV-00541,Ingreso,88290014-484,1,2026-05-11,0001-00438418,,
MOV-00542,Ingreso,250018-551,1,2026-05-11,0001-00438418,,
MOV-00543,Ingreso,02250152-670,1,2026-05-11,0001-00438418,,
MOV-00544,Ingreso,02250152-678,1,2026-05-11,0001-00438418,,
MOV-00545,Ingreso,250019-453,2,2026-05-11,0001-00438418,,
MOV-00546,Ingreso,02250152-669,1,2026-05-11,0001-00438418,,
MOV-00547,Ingreso,88290017-056,3,2026-05-11,0001-00438418,,
MOV-00548,Ingreso,250022-669,2,2026-05-11,0001-00438418,,
MOV-00549,Ingreso,250024-272,1,2026-05-13,0001-00438706,SULLAIR,
MOV-00550,Ingreso,02250139-995,2,2026-05-14,0001-00438781,SULLAIR,
MOV-00551,Ingreso,1002-4663,1,2026-05-14,0001-00438781,SULLAIR,
MOV-00552,Ingreso,WF2073,4,2026-05-14,0001-00438781,FLEETGUARD,
MOV-00553,Ingreso,AH1135,2,2026-05-14,0001-00438781,FLEETGUARD,
MOV-00554,Ingreso,02250155-709,4,2026-05-14,0001-00438781,SULLAIR,
MOV-00555,Ingreso,88290015-567,2,2026-05-14,0001-00438781,SULLAIR,
MOV-00556,Ingreso,88290014-484,2,2026-05-14,0001-00438781,SULLAIR,
MOV-00557,Ingreso,88290014-485,1,2026-05-14,0001-00438781,SULLAIR,
MOV-00558,Ingreso,7021581-JLG,2,2026-05-14,0001-00438781,SULLAIR,
MOV-00559,Ingreso,4460467-JLG,2,2026-05-14,0001-00438781,SULLAIR,
MOV-00560,Ingreso,´042582,2,2026-05-14,0001-00438781,SULLAIR,
MOV-00561,Ingreso,250022-669,12,2026-05-14,0001-00438781,SULLAIR,
MOV-00562,Ingreso,250030-758,1,2026-05-14,0001-00438781,SULLAIR,
MOV-00563,Ingreso,AH1135,4,2026-05-14,0001-00438803,FLEETGUARD,
MOV-00564,Ingreso,FF202,6,2026-05-15,00029-00006116,FLEETGUARD,
MOV-00565,Ingreso,LF670,12,2026-05-15,00029-00006116,FLEETGUARD,
MOV-00566,Ingreso,02250164-206,1,2026-05-18,0001-00439056,SULLAIR,
MOV-00567,Ingreso,02250152-635,1,2026-05-18,0001-00439056,SULLAIR,
MOV-00568,Ingreso,V720,1,2026-05-20,0007-00054439,REPCENTER,
MOV-00569,Ingreso,HD9837,2,2026-05-20,0007-00054439,REPCENTER,
MOV-00570,Ingreso,HDS837,2,2026-05-20,0007-00054439,REPCENTER,
MOV-00571,Ingreso,AL12,3,2026-05-20,0007-00054439,REPCENTER,
MOV-00572,Ingreso,KC647D,2,2026-05-20,0007-00054439,REPCENTER,
MOV-00573,Ingreso,LB283,3,2026-05-20,0007-00054439,REPCENTER,
MOV-00574,Ingreso,FBD75,1,2026-05-20,0007-00054439,REPCENTER,
MOV-00575,Ingreso,KC440,1,2026-05-20,0007-00054439,REPCENTER,
MOV-00576,Ingreso,LE2002,2,2026-05-20,0007-00054439,REPCENTER,
MOV-00577,Ingreso,AC-19080,2,2026-05-20,00058-00070466,ECHANIZ,
MOV-00578,Ingreso,02250194-968,1,2026-05-21,0001-00439178,SULLAIR,
MOV-00579,Ingreso,250028-032,1,2026-05-21,0001-00439178,SULLAIR,
MOV-00580,Ingreso,02250137-895,1,2026-05-21,0001-00439178,SULLAIR,
MOV-00581,Ingreso,02250125-372,4,2026-05-21,0001-00439178,SULLAIR,
MOV-00582,Ingreso,02250215-621,2,2026-05-21,0001-00439178,SULLAIR,
MOV-00583,Ingreso,02250127-684,1,2026-05-21,0001-00439178,SULLAIR,
MOV-00584,Ingreso,02250155-709,2,2026-05-21,0001-00439178,SULLAIR,
MOV-00585,Ingreso,02250139-995,1,2026-05-21,0001-00439178,SULLAIR,
MOV-00586,Ingreso,88290015-567,1,2026-05-21,0001-00439178,SULLAIR,
MOV-00587,Ingreso,250025-525,1,2026-05-21,0001-00439178,SULLAIR,
MOV-00588,Ingreso,0400215-JLG,8,2026-05-21,0001-00439178,SULLAIR,
MOV-00589,Ingreso,88290017-056,3,2026-05-21,0001-00439178,SULLAIR,
MOV-00590,Ingreso,250022-669,2,2026-05-21,0001-00439178,SULLAIR,
MOV-00591,Ingreso,ML5052,6,2026-05-21,00058-00070492,ECHANIZ,
MOV-00592,Ingreso,ML1280,4,2026-05-21,00058-00070492,ECHANIZ,
MOV-00593,Ingreso,ML3000O,2,2026-05-21,00058-00070492,ECHANIZ,
MOV-00594,Ingreso,ML3345O,2,2026-05-21,00058-00070492,ECHANIZ,
MOV-00595,Ingreso,ML3349O,4,2026-05-21,00058-00070492,ECHANIZ,
MOV-00596,Ingreso,AC763/4,2,2026-05-21,00058-00070492,ECHANIZ,
MOV-00597,Ingreso,AL102,1,2026-05-21,00058-00070492,ECHANIZ,
MOV-00598,Ingreso,MR406,2,2026-05-27,00058-00070531,ECHANIZ,
MOV-00599,Ingreso,MDH366,2,2026-05-27,00058-00070531,ECHANIZ,
MOV-00600,Ingreso,AL97,2,2026-05-27,00058-00070531,ECHANIZ,
MOV-00601,Ingreso,HF6182,2,2026-05-28,00029-00006175,GRUMAQ,
MOV-00602,Ingreso,02250100-755,12,2026-05-29,0001-00439799,SULLAIR,
MOV-00603,Ingreso,02250100-756,12,2026-05-29,0001-00439799,SULLAIR,
MOV-00604,Ingreso,250031-850,12,2026-05-29,0001-00439799,SULLAIR,
MOV-00605,Ingreso,AF1855-FLE,2,2026-05-29,0001-00439799,SULLAIR,
MOV-00606,Ingreso,250034-116,1,2026-05-29,0001-00439799,SULLAIR,
MOV-00607,Ingreso,02250207-067,8,2026-05-29,0001-00439799,SULLAIR,
MOV-00608,Ingreso,02250207-070,1,2026-05-29,0001-00439799,SULLAIR,
MOV-00609,Ingreso,C-2505,2,2026-05-28,00058-00070558,SAKURA,
MOV-00610,Ingreso,LA230,1,2026-05-28,00058-00070558,,
MOV-00611,Ingreso,AA1395E,2,2026-05-28,00058-00070558,ECHANIZ,
MOV-00612,Ingreso,02250193-591,1,2026-06-05,0001-00440247,SULLAIR,
MOV-00613,Ingreso,02250193-558,1,2026-06-05,0001-00440247,SULLAIR,
MOV-00614,Ingreso,02250145-897,1,2026-06-05,0001-00440247,SULLAIR,
MOV-00615,Ingreso,02250218-885,1,2026-06-05,0001-00440247,SULLAIR,
MOV-00616,Ingreso,02250215-617,1,2026-06-05,0001-00440247,SULLAIR,
MOV-00617,Ingreso,02250168-053,1,2026-06-05,0001-00440247,SULLAIR,
MOV-00618,Ingreso,02250155-709,2,2026-06-05,0001-00440247,SULLAIR,
MOV-00619,Ingreso,LF3349,2,2026-06-05,0001-00440247,SULLAIR,
MOV-00620,Ingreso,02250152-670,1,2026-06-05,0001-00440247,SULLAIR,
MOV-00621,Ingreso,A41018-B&L,8,2026-06-05,0001-00440247,SULLAIR,
MOV-00622,Ingreso,02250057-036,1,2026-06-05,0001-00440247,SULLAIR,
MOV-00623,Ingreso,250017-280,1,2026-06-05,0001-00440247,SULLAIR,
MOV-00624,Ingreso,250019-453,1,2026-06-05,0001-00440247,SULLAIR,
MOV-00625,Ingreso,250022-669,2,2026-06-05,0001-00440247,SULLAIR,
MOV-00626,Ingreso,LF4054,1,2026-06-08,0007-00055404,REPCENTER,
MOV-00627,Ingreso,FS19734,1,2026-06-08,0007-00055404,REPCENTER,
MOV-00628,Ingreso,WF2076,1,2026-06-08,0007-00055404,REPCENTER,
MOV-00629,Ingreso,LF777,2,2026-06-08,0007-00055404,REPCENTER,
MOV-00630,Ingreso,V-719,1,2026-06-08,0007-00055404,REPCENTER,
MOV-00631,Ingreso,LF3970,1,2026-06-08,0007-00055404,REPCENTER,
MOV-00632,Ingreso,LB916,2,2026-06-08,0007-00055404,REPCENTER,
MOV-00633,Ingreso,KX268D,2,2026-06-08,0007-00055404,REPCENTER,
MOV-00634,Ingreso,ML5052,6,2026-06-09,00058-00070686,ECHANIZ,
MOV-00635,Ingreso,ML1212G,4,2026-06-09,00058-00070686,ECHANIZ,
MOV-00636,Ingreso,ML3345O,1,2026-06-09,00058-00070686,ECHANIZ,
MOV-00637,Ingreso,ML3349O,2,2026-06-09,00058-00070686,ECHANIZ,
MOV-00638,Ingreso,ML5421G,2,2026-06-09,00058-00070686,ECHANIZ,
MOV-00639,Ingreso,AA1127,4,2026-06-09,00058-00070686,ECHANIZ,
MOV-00640,Ingreso,AL19,4,2026-06-09,00058-00070686,ECHANIZ,
MOV-00641,Ingreso,LF3325,11,2026-06-09,0001-00440733,SULLAIR,
MOV-00642,Ingreso,FS1006,2,2026-06-09,0001-00440733,SULLAIR,
MOV-00643,Ingreso,AF25278,2,2026-06-09,0001-00440733,SULLAIR,
MOV-00644,Ingreso,FS1242,1,2026-06-09,0001-00440733,SULLAIR,
MOV-00645,Ingreso,FF202,2,2026-06-09,0001-00440733,SULLAIR,
MOV-00646,Ingreso,02250218-885,1,2026-06-09,0001-00440733,SULLAIR,
MOV-00647,Ingreso,02250168-053,2,2026-06-09,0001-00440733,SULLAIR,
MOV-00648,Ingreso,02250139-995,1,2026-06-09,0001-00440733,SULLAIR,
MOV-00649,Ingreso,FS19732,1,2026-06-09,0001-00440733,SULLAIR,
MOV-00650,Ingreso,88290014-485,6,2026-06-09,0001-00440733,SULLAIR,
MOV-00651,Ingreso,02250117-782,1,2026-06-09,0001-00440733,SULLAIR,
MOV-00652,Ingreso,B1806380-SAG,1,2026-06-09,0001-00440733,SULLAIR,
MOV-00653,Ingreso,CC2848-FLE,11,2026-06-09,0001-00440733,SULLAIR,
MOV-00654,Ingreso,02250152-678,1,2026-06-09,0001-00440733,SULLAIR,
MOV-00655,Ingreso,88290015-219,1,2026-06-09,0001-00440733,SULLAIR,
MOV-00656,Ingreso,02250092-081,1,2026-06-09,0001-00440733,SULLAIR,
MOV-00657,Ingreso,02250193-535,1,2026-06-09,0001-00440733,SULLAIR,
MOV-00658,Ingreso,250022-669,4,2026-06-09,0001-00440733,SULLAIR,
MOV-00659,Ingreso,1001129845-JLG,1,2026-06-10,0001-00440863,SULLAIR,
MOV-00660,Ingreso,02250209-582,1,2026-06-04,0001-00440364,SULLAIR,
MOV-00661,Ingreso,88292046-727,1,2026-06-16,IMP,IMP,
MOV-00662,Ingreso,02250106-789,2,2026-06-16,IMP,IMP,
MOV-00663,Ingreso,02250145-897,1,2026-06-17,0001-00441022,SULLAIR,
MOV-00664,Ingreso,250025-526,4,2026-06-17,0001-00441022,SULLAIR,
MOV-00665,Ingreso,1002-4663,1,2026-06-17,0001-00441022,SULLAIR,
MOV-00666,Ingreso,88290014-484,2,2026-06-17,0001-00441022,SULLAIR,
MOV-00667,Ingreso,02250175-062,1,2026-06-17,0001-00441022,SULLAIR,
MOV-00668,Ingreso,02250175-063,1,2026-06-17,0001-00441022,SULLAIR,
MOV-00669,Ingreso,250025-525,1,2026-06-17,0001-00441022,SULLAIR,
MOV-00670,Ingreso,88290015-567,1,2026-06-17,0001-00441022,SULLAIR,
MOV-00671,Ingreso,42988,1,2026-06-17,0001-00441022,SULLAIR,
MOV-00672,Ingreso,88290016-410,2,2026-06-17,0001-00441022,SULLAIR,
MOV-00673,Ingreso,88290015-901,1,2026-06-17,0001-00441022,SULLAIR,
MOV-00674,Ingreso,250022-669,3,2026-06-17,0001-00441022,SULLAIR,
MOV-00675,Ingreso,250022-670,1,2026-06-17,0001-00441022,SULLAIR,
MOV-00676,Ingreso,AF25570,1,2026-06-23,0001-00441527,SULLAIR,
MOV-00677,Ingreso,AF25571,1,2026-06-23,0001-00441527,SULLAIR,
MOV-00678,Ingreso,250034-116,2,2026-06-23,0001-00441527,SULLAIR,
MOV-00679,Ingreso,250042-862,1,2026-06-23,0001-00441527,SULLAIR,
MOV-00680,Ingreso,02250175-062,1,2026-06-23,0001-00441527,SULLAIR,
MOV-00681,Ingreso,02250175-063,1,2026-06-23,0001-00441527,SULLAIR,
MOV-00682,Ingreso,02250155-709,2,2026-06-23,0001-00441527,SULLAIR,
MOV-00683,Ingreso,02250215-617,2,2026-06-23,0001-00441527,SULLAIR,
MOV-00684,Ingreso,AF1855,2,2026-06-23,0001-00441527,SULLAIR,
MOV-00685,Ingreso,02250137-895,1,2026-06-23,0001-00441527,SULLAIR,
MOV-00686,Ingreso,02250193-535,8,2026-06-23,0001-00441527,SULLAIR,
MOV-00687,Ingreso,`045673,1,2026-06-23,0001-00441527,SULLAIR,
MOV-00688,Ingreso,270016-209,1,2026-06-23,0001-00441527,SULLAIR,
MOV-00689,Ingreso,02250209-581,1,2026-06-19,0001-00441324,SULLAIR,
MOV-00690,Ingreso,MR299,2,2026-06-23,00058-000070830,ECHANIZ,
MOV-00691,Ingreso,C-70130,2,2026-06-23,00058-000070830,ECHANIZ,
MOV-00692,Ingreso,FF-02FI,2,2026-06-23,00058-000070830,ECHANIZ,
MOV-00693,Ingreso,MDH308,2,2026-06-23,00058-000070830,ECHANIZ,
MOV-00694,Ingreso,02250127-684,6,2026-07-02,0001-0442019,SULLAIR,
MOV-00695,Ingreso,02250215-617,2,2026-07-02,0001-0442019,SULLAIR,
MOV-00696,Ingreso,02250168-084,1,2026-07-02,0001-0442019,SULLAIR,
MOV-00697,Ingreso,88290014-484,1,2026-07-02,0001-0442019,SULLAIR,
MOV-00698,Ingreso,02250137-895,1,2026-07-02,0001-0442019,SULLAIR,
MOV-00699,Ingreso,02250135-155,1,2026-07-02,0001-0442019,SULLAIR,
MOV-00700,Ingreso,88290015-567,1,2026-07-02,0001-0442019,SULLAIR,
MOV-00701,Ingreso,88290015-049,1,2026-07-02,0001-0442019,SULLAIR,
MOV-00702,Ingreso,02250057-036,1,2026-07-02,0001-0442019,SULLAIR,
MOV-00703,Ingreso,02250152-670,1,2026-07-02,0001-0442019,SULLAIR,
MOV-00704,Ingreso,45672,1,2026-07-02,0001-0442019,SULLAIR,
MOV-00705,Ingreso,02250152-669,1,2026-07-02,0001-0442019,SULLAIR,
MOV-00706,Ingreso,02250209-667,1,2026-07-02,0001-00441997,SULLAIR,
MOV-00707,Ingreso,LB962,2,2026-07-06,0007-00056788,REPCENTER,
MOV-00708,Ingreso,FAC887,1,2026-07-06,0007-00056788,REPCENTER,
MOV-00709,Ingreso,FF5052,4,2026-07-06,0007-00056788,REPCENTER,
MOV-00710,Ingreso,AL12,6,2026-07-06,0007-00056788,REPCENTER,
MOV-00711,Ingreso,LF3349,2,2026-07-06,0007-00056788,REPCENTER,
MOV-00712,Ingreso,LB916,4,2026-07-06,0007-00056788,REPCENTER,
MOV-00713,Ingreso,EF-441,2,2026-07-08,00003-00000843,FRECCIA,
MOV-00714,Ingreso,EF-429,4,2026-07-08,00003-00000843,FRECCIA,
MOV-00715,Ingreso,EF-435,4,2026-07-08,00003-00000843,FRECCIA,
MOV-00716,Ingreso,EF-428,8,2026-07-08,00003-00000843,FRECCIA,
MOV-00717,Ingreso,191-2460-ONA,1,2026-07-13,0001-00442304,SULLAIR,
MOV-00718,Ingreso,88290014-484,1,2026-07-13,0001-00442403,SULLAIR,
MOV-00719,Ingreso,02250218-885,3,2026-07-13,0001-00442238,SULLAIR,
MOV-00720,Ingreso,02250168-053,1,2026-07-13,0001-00442238,SULLAIR,
MOV-00721,Ingreso,270002-709,1,2026-07-13,0001-00442238,SULLAIR,
MOV-00722,Ingreso,4360469S-JLG,1,2026-07-13,0001-00442238,SULLAIR,
MOV-00723,Ingreso,02250176-967,1,2026-07-13,0001-00442238,SULLAIR,
MOV-00724,Ingreso,02250176-856,1,2026-07-13,0001-00442238,SULLAIR,
MOV-00725,Ingreso,02250105-553,1,2026-07-13,0001-00442238,SULLAIR,
MOV-00726,Ingreso,250022-669,2,2026-07-13,0001-00442238,SULLAIR,
MOV-00727,Ingreso,02250193-535,1,2026-07-13,0001-00442238,SULLAIR,
MOV-00728,Ingreso,250034-116,1,2026-07-13,0001-00442549,SULLAIR,
MOV-00729,Ingreso,250042-862,1,2026-07-13,0001-00442549,SULLAIR,
MOV-00730,Ingreso,250028-032,1,2026-07-13,0001-00442549,SULLAIR,
MOV-00731,Ingreso,02250137-895,2,2026-07-13,0001-00442549,SULLAIR,
MOV-00732,Ingreso,FS1280,3,2026-07-13,0001-00442549,SULLAIR,
MOV-00733,Ingreso,02250215-617,1,2026-07-13,0001-00442549,SULLAIR,
MOV-00734,Ingreso,88290014-484,2,2026-07-13,0001-00442549,SULLAIR,
MOV-00735,Ingreso,88290015-049,1,2026-07-13,0001-00442549,SULLAIR,
MOV-00736,Ingreso,02250125-372,1,2026-07-13,0001-00442549,SULLAIR,
MOV-00737,Ingreso,02250127-684,1,2026-07-13,0001-00442549,SULLAIR,
MOV-00738,Ingreso,02250168-084,1,2026-07-13,0001-00442549,SULLAIR,
MOV-00739,Ingreso,02250078-031,1,2026-07-13,0001-00442549,SULLAIR,
MOV-00740,Ingreso,CC2848,1,2026-07-13,0001-00442549,SULLAIR,
MOV-00741,Ingreso,4954905-CMM,1,2026-07-13,0001-00442549,SULLAIR,
MOV-00742,Ingreso,250022-669,8,2026-07-13,0001-00442549,SULLAIR,
MOV-00743,Ingreso,AH1136,1,2026-07-14,0007-00057104,REPCENTER,
MOV-00744,Ingreso,HD9837,2,2026-07-14,0007-00057104,REPCENTER,
MOV-00745,Ingreso,HDS837,2,2026-07-14,0007-00057104,REPCENTER,
MOV-00746,Ingreso,CC2848,1,2026-07-14,0007-00057104,REPCENTER,
MOV-00747,Ingreso,FAC887,1,2026-07-14,0007-00057104,REPCENTER,
MOV-00748,Ingreso,250034-085,3,2026-07-21,0001-00443021,SULLAIR,
MOV-00749,Ingreso,02250048-734,2,2026-07-21,0001-00443021,SULLAIR,
MOV-00750,Ingreso,02250145-897,2,2026-07-21,0001-00443021,SULLAIR,
MOV-00751,Ingreso,02250135-155,1,2026-07-21,0001-00443021,SULLAIR,
MOV-00752,Ingreso,250025-526,3,2026-07-21,0001-00443021,SULLAIR,
MOV-00753,Ingreso,02250135-150,1,2026-07-21,0001-00443021,SULLAIR,
MOV-00754,Ingreso,02250139-995,1,2026-07-21,0001-00443021,SULLAIR,
MOV-00755,Ingreso,250034-122,1,2026-07-21,0001-00443021,SULLAIR,
MOV-00756,Ingreso,250034-134,1,2026-07-21,0001-00443021,SULLAIR,
MOV-00757,Ingreso,250034-112,2,2026-07-21,0001-00443021,SULLAIR,
MOV-00758,Ingreso,´001692,1,2026-07-21,0001-00443021,SULLAIR,
MOV-00759,Ingreso,cc2848,2,2026-07-21,0001-00443021,SULLAIR,
MOV-00760,Ingreso,250018-008,1,2026-07-21,0001-00443021,SULLAIR,
MOV-00761,Ingreso,´000751,1,2026-07-21,0001-00443021,SULLAIR,
MOV-00762,Ingreso,0400215-JLG,8,2026-07-21,0001-00443021,SULLAIR,
MOV-00763,Ingreso,02250209-667,1,2026-07-21,0001-00443021,SULLAIR,
MOV-00764,Ingreso,250019-453,1,2026-07-21,0001-00443021,SULLAIR,
MOV-00765,Ingreso,02250196-470,1,2026-07-21,0001-00443021,SULLAIR,
MOV-00766,Ingreso,250022-669,18,2026-07-21,0001-00443021,SULLAIR,
MOV-00767,Ingreso,6.4434.0,1,2026-07-22,00003-00000807,JBB,
MOV-00768,Ingreso,MR378,3,2026-07-22,00058-00071118,ECHANIZ,
MOV-00769,Ingreso,MR378/S,5,2026-07-22,00058-00071118,ECHANIZ,
MOV-00770,Ingreso,OC988,3,2026-07-22,00058-00071118,ECHANIZ,
MOV-00771,Ingreso,CFF003,3,2026-07-22,00058-00071118,ECHANIZ,
MOV-00772,Ingreso,LX265,5,2026-07-22,00058-00071109,ECHANIZ,
MOV-00773,Ingreso,LX275,1,2026-07-22,00058-00071109,ECHANIZ,
MOV-00774,Ingreso,LX236,1,2026-07-22,00058-00071109,ECHANIZ,
MOV-00775,Ingreso,KC637D,2,2026-07-22,00058-00071109,ECHANIZ,
MOV-00776,Ingreso,02250137-895,2,2026-07-23,0001-00443284,SULLAIR,
MOV-00777,Ingreso,02250215-617,3,2026-07-23,0001-00443284,SULLAIR,
MOV-00778,Ingreso,02250155-709,3,2026-07-23,0001-00443284,SULLAIR,
MOV-00779,Ingreso,02250125-372,1,2026-07-23,0001-00443284,SULLAIR,
MOV-00780,Ingreso,02250127-684,1,2026-07-23,0001-00443284,SULLAIR,
MOV-00781,Ingreso,250025-526,4,2026-07-23,0001-00443284,SULLAIR,
MOV-00782,Ingreso,02250155-971,1,2026-07-23,0001-00443284,SULLAIR,
MOV-00783,Ingreso,41992,1,2026-07-23,0001-00443284,SULLAIR,
MOV-00784,Ingreso,4360328S-JLG,1,2026-07-23,0001-00443284,SULLAIR,
MOV-00785,Ingreso,02250196-470,1,2026-07-23,0001-00443284,SULLAIR,
MOV-00786,Ingreso,250022-669,2,2026-07-23,0001-00443284,SULLAIR,
MOV-00787,Ingreso,02250183-035,1,2026-07-23,0001-00443284,SULLAIR,
MOV-00788,Ingreso,250034-122,1,2026-07-31,0001-00443779,SULLAIR,
MOV-00789,Ingreso,250034-134,1,2026-07-31,0001-00443779,SULLAIR,
MOV-00790,Ingreso,02250139-995,1,2026-07-31,0001-00443779,SULLAIR,
MOV-00791,Ingreso,250028-032,1,2026-07-31,0001-00443779,SULLAIR,
MOV-00792,Ingreso,02250078-031,1,2026-07-31,0001-00443779,SULLAIR,
MOV-00793,Ingreso,250034-112,2,2026-07-31,0001-00443779,SULLAIR,
MOV-00794,Ingreso,02250125-372,3,2026-07-31,0001-00443779,SULLAIR,
MOV-00795,Ingreso,88290014-485,2,2026-07-31,0001-00443779,SULLAIR,
MOV-00796,Ingreso,1001178139-JLG,1,2026-07-31,0001-00443779,SULLAIR,
MOV-00797,Ingreso,250028-036,1,2026-07-31,0001-00443779,SULLAIR,
MOV-00798,Ingreso,02250043-291,1,2026-07-31,0001-00443779,SULLAIR,
MOV-00799,Ingreso,02250215-660,1,2026-07-31,0001-00443779,SULLAIR,
MOV-00800,Ingreso,02250196-470,1,2026-07-31,0001-00443779,SULLAIR,
MOV-00801,Ingreso,250022-669,9,2026-07-31,0001-00443779,SULLAIR,
MOV-00802,Ingreso,OC502,3,2026-08-03,00058-00071211,ECHANIZ,
MOV-00803,Ingreso,OC501,3,2026-08-06,0007-00058381,REPCENTER,
MOV-00804,Ingreso,KC647/1,2,2026-08-06,0007-00058381,REPCENTER,
MOV-00805,Ingreso,CE3022,4,2026-08-06,0007-00058381,REPCENTER,
MOV-00806,Ingreso,V-720,2,2026-08-06,0007-00058381,REPCENTER,
MOV-00807,Ingreso,FF5052,2,2026-08-06,0007-00058381,REPCENTER,
MOV-00808,Ingreso,FDB75,2,2026-08-06,0007-00058381,REPCENTER,
MOV-00809,Ingreso,OX1052D,1,2026-08-06,0007-00058381,REPCENTER,
MOV-00810,Ingreso,HF6141,1,2026-08-06,0007-00058381,REPCENTER,
MOV-00811,Ingreso,OC47,2,2026-08-06,0007-00058381,REPCENTER,
MOV-00812,Ingreso,LE677,1,2026-08-06,0007-00058381,REPCENTER,
MOV-00813,Ingreso,LX2046,1,2026-08-06,0007-00058381,REPCENTER,
MOV-00814,Ingreso,KL596,1,2026-08-06,0007-00058381,REPCENTER,
MOV-00815,Ingreso,OX562D,1,2026-08-06,0007-00058381,REPCENTER,
MOV-00816,Ingreso,KC636,1,2026-08-06,0007-00058381,REPCENTER,
MOV-00817,Ingreso,KX182/1D,1,2026-08-06,0007-00058381,REPCENTER,
MOV-00818,Ingreso,CC2848,3,2026-08-06,0007-00058381,REPCENTER,
MOV-00819,Ingreso,AF1855,2,2026-08-07,0001-00444329,SULLAIR,
MOV-00820,Ingreso,02250078-031,1,2026-08-07,0001-00444329,SULLAIR,
MOV-00821,Ingreso,02250100-755,2,2026-08-07,0001-00444329,SULLAIR,
MOV-00822,Ingreso,02250125-372,2,2026-08-07,0001-00444329,SULLAIR,
MOV-00823,Ingreso,02250215-617,2,2026-08-07,0001-00444329,SULLAIR,
MOV-00824,Ingreso,88290014-484,2,2026-08-07,0001-00444329,SULLAIR,
MOV-00825,Ingreso,02250135-150,1,2026-08-07,0001-00444329,SULLAIR,
MOV-00826,Ingreso,02250155-709,2,2026-08-07,0001-00444329,SULLAIR,
MOV-00827,Ingreso,02250209-579,1,2026-08-07,0001-00444329,SULLAIR,
MOV-00828,Ingreso,02250057-036,1,2026-08-07,0001-00444329,SULLAIR,
MOV-00829,Ingreso,250019-453,1,2026-08-07,0001-00444329,SULLAIR,
MOV-00830,Ingreso,250031-438,1,2026-08-07,0001-00444329,SULLAIR,
MOV-00831,Ingreso,250030-757,1,2026-08-07,0001-00444329,SULLAIR,
MOV-00832,Ingreso,02250196-470,2,2026-08-07,0001-00444329,SULLAIR,
MOV-00833,Ingreso,250022-669,1,2026-08-07,0001-00444329,SULLAIR,
MOV-00834,Ingreso,S00801-038/B20,1,2026-08-07,0001-00444329,SULLAIR,
MOV-00835,Ingreso,408107,1,2026-08-14,0001-00444759,SULLAIR,
MOV-00836,Ingreso,02250194-977,1,2026-08-14,0001-00444759,SULLAIR,
MOV-00837,Ingreso,02250194-978,1,2026-08-14,0001-00444759,SULLAIR,
MOV-00838,Ingreso,02250194-962,1,2026-08-14,0001-00444759,SULLAIR,
MOV-00839,Ingreso,02250194-963,1,2026-08-14,0001-00444759,SULLAIR,
MOV-00840,Ingreso,02250215-617,2,2026-08-14,0001-00444759,SULLAIR,
MOV-00841,Ingreso,02250125-372,2,2026-08-14,0001-00444759,SULLAIR,
MOV-00842,Ingreso,02250155-709,3,2026-08-14,0001-00444759,SULLAIR,
MOV-00843,Ingreso,02250127-684,1,2026-08-14,0001-00444759,SULLAIR,
MOV-00844,Ingreso,02250222-539,1,2026-08-14,0001-00444759,SULLAIR,
MOV-00845,Ingreso,02250155-971,1,2026-08-14,0001-00444759,SULLAIR,
MOV-00846,Ingreso,250022-669,2,2026-08-14,0001-00444759,SULLAIR,
MOV-00847,Ingreso,02250139-995,1,2026-08-18,0001-00444949,SULLAIR,
MOV-00848,Ingreso,1002-4663,1,2026-08-18,0001-00444949,SULLAIR,
MOV-00849,Ingreso,02250215-621,2,2026-08-18,0001-00444949,SULLAIR,
MOV-00850,Ingreso,02250155-709,3,2026-08-18,0001-00444949,SULLAIR,
MOV-00851,Ingreso,02250125-372,1,2026-08-18,0001-00444949,SULLAIR,
MOV-00852,Ingreso,02250127-684,1,2026-08-18,0001-00444949,SULLAIR,
MOV-00853,Ingreso,250019-453,1,2026-08-18,0001-00444949,SULLAIR,
MOV-00854,Ingreso,02250152-671,1,2026-08-18,0001-00444949,SULLAIR,
MOV-00855,Ingreso,250022-669,10,2026-08-18,0001-00444949,SULLAIR,
MOV-00856,Ingreso,02250117-782,2,2026-08-25,0001-00445348,SULLAIR,
MOV-00857,Ingreso,LF3345,2,,0001-00445348,SULLAIR,
MOV-00858,Ingreso,AH8742,1,,0001-00445348,SULLAIR,
MOV-00859,Ingreso,02250218-885,1,,0001-00445348,SULLAIR,
MOV-00860,Ingreso,02250137-895,1,,0001-00445348,SULLAIR,
MOV-00861,Ingreso,02250135-155,1,,0001-00445348,SULLAIR,
MOV-00862,Ingreso,250025-526,2,,0001-00445348,SULLAIR,
MOV-00863,Ingreso,88290015-567,1,,0001-00445348,SULLAIR,
MOV-00864,Ingreso,88290015-049,1,,0001-00445348,SULLAIR,
MOV-00865,Ingreso,02250215-617,1,,0001-00445348,SULLAIR,
MOV-00866,Ingreso,02250139-296,1,,0001-00445348,SULLAIR,
MOV-00867,Ingreso,CC2848,2,,0001-00445348,SULLAIR,
MOV-00868,Ingreso,250022-669,2,,0001-00445348,SULLAIR,
MOV-00869,Ingreso,WF2072,1,,0001-00445580,SULLAIR,
MOV-00870,Ingreso,02250215-621,3,,0001-00445580,SULLAIR,
MOV-00871,Ingreso,02250215-617,2,,0001-00445580,SULLAIR,
MOV-00872,Ingreso,250034-085,1,,0001-00445580,SULLAIR,
MOV-00873,Ingreso,02250168-084,11,,0001-00445710,SULLAIR,
MOV-00874,Salida,250022-669,2,2025-08-26,35587,Larinox,Matias
MOV-00875,Salida,02250182-546,1,2025-08-28,-,MANIAGRO,Matias
MOV-00876,Salida,250022-669,1,2025-08-28,-,CIA ALIMENTOS Y CEREALES,Yasmin
MOV-00877,Salida,02250182-546,1,2025-08-28,-,Agromani,Matias
MOV-00878,Salida,250028-032,1,2025-09-09,35540,TGN FERREYRA,Manuel SERV
MOV-00879,Salida,4060,1,2025-09-09,,TGN FERREYRA,Manuel SERV
MOV-00880,Salida,4115,1,2025-09-09,,TGN FERREYRA,Manuel SERV
MOV-00881,Salida,ef-440,2,2025-09-09,,TGN FERREYRA,Manuel SERV
MOV-00882,Salida,ef-434,2,2025-09-09,,TGN FERREYRA,Manuel SERV
MOV-00883,Salida,02250078-031,1,2025-09-09,,TGN FERREYRA,Manuel SERV
MOV-00884,Salida,250034-087,1,2025-09-11,º18384,VIAL RG S.A,Valeria
MOV-00885,Salida,250025-525,2,2025-09-11,,VIAL RG S.A,Valeria
MOV-00886,Salida,02250168-053,1,2025-09-11,º18385,Bioetanol Rio Cuarto S.A.,Matias
MOV-00887,Salida,02250168-084,1,2025-09-11,,Bioetanol Rio Cuarto S.A.,Matias
MOV-00888,Salida,02250218-885,2,2025-09-11,,Bioetanol Rio Cuarto S.A.,Matias
MOV-00889,Salida,02250049-634,2,2025-09-11,º18386,Macoser S.A,Valeria
MOV-00890,Salida,02250100-042,3,2025-09-11,,Macoser S.A,Valeria
MOV-00891,Salida,250019-453,2,2025-09-11,,Macoser S.A,Valeria
MOV-00892,Salida,250022-669,4,2025-09-09,º18383,Empolex,Yasmin
MOV-00893,Salida,H2225 HASTING,1,2025-09-11,I.T,Autoelevador,Matias
MOV-00894,Salida,LF3349,1,2025-09-11,-,CLARO,Matias
MOV-00895,Salida,FS19727,1,2025-09-11,,CLARO,Matias
MOV-00896,Salida,FS1280,1,2025-09-11,,CLARO,Matias
MOV-00897,Salida,FF5052,1,2025-09-11,,CLARO,Matias
MOV-00898,Salida,LB55,1,2025-09-15,-,Muni malagueño,Matias
MOV-00899,Salida,LX907,1,2025-09-15,,Muni malagueño,Matias
MOV-00900,Salida,02250127-684,1,2025-09-17,35620,Firenze,David
MOV-00901,Salida,02250155-709,1,2025-09-17,,Firenze,David
MOV-00902,Salida,02250049-634,1,2025-09-17,º18396,canteras san nicolas,Matias
MOV-00903,Salida,88290015-567,2,2025-09-18,º18397,Biofarma S.A,Matias
MOV-00904,Salida,250025-621,1,2025-09-18,,Biofarma S.A,Matias
MOV-00905,Salida,02250092-081,1,2025-09-18,,Biofarma S.A,Matias
MOV-00906,Salida,02250100-042,1,2025-09-18,,Biofarma S.A,Matias
MOV-00907,Salida,02250155-714,1,2025-09-18,,Biofarma S.A,Matias
MOV-00908,Salida,250019-451,1,2025-09-18,º18399,Maglione hnos y cia s.a,Valeria
MOV-00909,Salida,OC60,1,2025-09-18,-,bull,Matias
MOV-00910,Salida,02250110-988,1,2025-09-18,º18400,F2J,Matias
MOV-00911,Salida,VP2780,1,2025-09-18,35451,Expreso cordoba,david
MOV-00912,Salida,RE62418,2,2025-09-18,,Expreso cordoba,david
MOV-00913,Salida,`004115,2,2025-09-18,,Expreso cordoba,david
MOV-00914,Salida,040899RA,1,2025-09-19,º18401,Dindel S.A,Matias
MOV-00915,Salida,002250137-895,1,2025-09-19,,Dindel S.A,Matias
MOV-00916,Salida,250025-525,1,2025-09-19,,Dindel S.A,Matias
MOV-00917,Salida,88290014-484,1,2025-09-22,º35350,Infas,Matias
MOV-00918,Salida,88290014-485,1,2025-09-22,,Infas,Matias
MOV-00919,Salida,88290015-567,1,2025-09-22,º18405,Alican S.A,Matias
MOV-00920,Salida,88290014-485,1,2025-09-22,,Alican S.A,Matias
MOV-00921,Salida,250025-526,1,2025-09-23,,,Valeria
MOV-00922,Salida,KL63,1,2025-09-23,-,CEMENTERIO,Matias
MOV-00923,Salida,KC51,1,2025-09-24,-,BASE MAC,Matias
MOV-00924,Salida,250019-453,1,2025-09-24,º18407,CIA ALIMENTOS Y CEREALES,Matias
MOV-00925,Salida,EF-443,3,2025-09-24,-,ROGGIO,Matias
MOV-00926,Salida,EF-436,3,2025-09-24,,ROGGIO,Matias
MOV-00927,Salida,88290014-485,1,2025-09-24,,ROGGIO,Matias
MOV-00928,Salida,88290014-484,1,2025-09-24,,ROGGIO,Matias
MOV-00929,Salida,250025-526,3,2025-09-24,,ROGGIO,Matias
MOV-00930,Salida,02250196-470,1,2025-09-26,º18408,SERVAGROP HDO S.A,Matias
MOV-00931,Salida,02250155-709,4,2025-09-26,,SERVAGROP HDO S.A,Matias
MOV-00932,Salida,02250125-372,4,2025-09-26,,SERVAGROP HDO S.A,Matias
MOV-00933,Salida,02250215-617,2,2025-09-26,,SERVAGROP HDO S.A,Matias
MOV-00934,Salida,88290014-484,1,2025-09-29,º35602,QUICKFOOD SAN JORGE,Manuel SERV
MOV-00935,Salida,88290014-486,1,2025-09-29,,QUICKFOOD SAN JORGE,Manuel SERV
MOV-00936,Salida,250034-116,1,2025-09-29,º35734,CAPYC COOP.LTDA.,Manuel SERV
MOV-00937,Salida,250042-862,1,2025-09-29,,CAPYC COOP.LTDA.,Manuel SERV
MOV-00938,Salida,250025-526,1,2025-09-29,,CAPYC COOP.LTDA.,Manuel SERV
MOV-00939,Salida,`000098,1,2025-09-29,,CAPYC COOP.LTDA.,Manuel SERV
MOV-00940,Salida,02250100-042,1,2025-09-29,,CAPYC COOP.LTDA.,Manuel SERV
MOV-00941,Salida,02250196-470,1,2025-09-29,,CAPYC COOP.LTDA.,Manuel SERV
MOV-00942,Salida,01157RA,1,2025-09-29,,CAPYC COOP.LTDA.,Manuel SERV
MOV-00943,Salida,´040649,2,2025-09-29,,CAPYC COOP.LTDA.,Manuel SERV
MOV-00944,Salida,02250215-621,1,2025-09-29,º35718,TRES EME S.A,Manuel SERV
MOV-00945,Salida,02250155-709,1,2025-09-29,,TRES EME S.A,Manuel SERV
MOV-00946,Salida,02250127-684,1,2025-09-29,,TRES EME S.A,Manuel SERV
MOV-00947,Salida,250022-669,1,2025-09-29,,TRES EME S.A,Manuel SERV
MOV-00948,Salida,408893,2,2025-09-30,º18410,Axion,Manuel
MOV-00949,Salida,250028-034,1,2025-09-30,º18411,ANGEL ESTRADA,Matias
MOV-00950,Salida,250028-032,1,2025-09-30,,ANGEL ESTRADA,Matias
MOV-00951,Salida,DRENAJE AUTOMATICO,1,2025-09-30,-,COMAR,Matias
MOV-00952,Salida,250022-669,2,2025-10-01,º18416,VIDPIA,Matias
MOV-00953,Salida,88290014-484,2,2025-10-02,º18417,Patagonia Automotores S.R.L,Damian
MOV-00954,Salida,88290015-049,1,2025-10-02,,Patagonia Automotores S.R.L,Damian
MOV-00955,Salida,88290014-486,2,2025-10-02,,Patagonia Automotores S.R.L,Damian
MOV-00956,Salida,CC2848-FLE,2,2025-10-02,-,Bolsa de cereales,David
MOV-00957,Salida,R90-30M,1,2025-10-02,-,SERV. VOLVO TIBBO,Matias
MOV-00958,Salida,KC648/1,1,2025-10-02,,SERV. VOLVO TIBBO,Matias
MOV-00959,Salida,AL12,1,2025-10-02,,SERV. VOLVO TIBBO,Matias
MOV-00960,Salida,HIC346,1,2025-10-02,,SERV. VOLVO TIBBO,Matias
MOV-00961,Salida,OC282,1,2025-10-02,,SERV. VOLVO TIBBO,Matias
MOV-00962,Salida,OC370,2,2025-10-02,,SERV. VOLVO TIBBO,Matias
MOV-00963,Salida,KC251,1,2025-10-02,,SERV. VOLVO TIBBO,Matias
MOV-00964,Salida,02250215-617,1,2025-10-03,,DON JUAN S C,Matias
MOV-00965,Salida,02250155-709,1,2025-10-03,,DON JUAN S C,Matias
MOV-00966,Salida,02250125-372,1,2025-10-03,,DON JUAN S C,Matias
MOV-00967,Salida,250022-669,1,2025-10-03,,DON JUAN S C,Matias
MOV-00968,Salida,02250193-569,1,2025-10-03,,DON JUAN S C,Matias
MOV-00969,Salida,02250193-591,1,2025-10-03,,DON JUAN S C,Matias
MOV-00970,Salida,KC595,1,2025-10-03,,EXC. SUDESTE,Matias
MOV-00971,Salida,HX15,1,2025-10-03,,EXC. SUDESTE,Matias
MOV-00972,Salida,AL12,1,2025-10-03,,EXC. SUDESTE,Matias
MOV-00973,Salida,250018-551,2,2025-10-06,º18420,F2J TECHPLAST S.A,Matias
MOV-00974,Salida,250022-669,1,2025-10-06,º18305,HILADO S.A,Manuel SERV
MOV-00975,Salida,`000098,2,2025-10-06,º18306,HILADO S.A,Manuel SERV
MOV-00976,Salida,02250168-053,2,2025-10-06,,HILADO S.A,Manuel SERV
MOV-00977,Salida,02250242-636,1,2025-10-08,º18422,EMPOLEX S.A,MATIAS
MOV-00978,Salida,250041-638,1,2025-10-08,,DIEGO PETRELI,MATIAS
MOV-00979,Salida,88290015-049,1,2025-10-08,º18423,DAMACLA S.A,MATIAS
MOV-00980,Salida,LB55,1,2025-10-13,,matias santucho,MATIAS
MOV-00981,Salida,FS40/7,1,2025-10-14,,SERV AM CÓRDOBA,MATIAS
MOV-00982,Salida,LB619,1,2025-10-14,,SERV AM CÓRDOBA,MATIAS
MOV-00983,Salida,MR372,1,2025-10-14,,SERV AM CÓRDOBA,MATIAS
MOV-00984,Salida,HK301,1,2025-10-14,,SERV AM CÓRDOBA,MATIAS
MOV-00985,Salida,AL12,1,2025-10-14,,SERV WV AM,MATIAS
MOV-00986,Salida,HDS839,1,2025-10-14,,SERV WV AM,MATIAS
MOV-00987,Salida,ML5052G,1,2025-10-14,,SERV WV AM,MATIAS
MOV-00988,Salida,LX1056,1,2025-10-14,,SERV WV AM,MATIAS
MOV-00989,Salida,KC118,1,2025-10-14,,SERV WV AM,MATIAS
MOV-00990,Salida,LF3000,1,2025-10-14,,SERV WV AM,MATIAS
MOV-00991,Salida,WF2071,1,2025-10-14,,SERV WV AM,MATIAS
MOV-00992,Salida,DZ118286,1,2025-10-15,º35779,INFAS S.R.L,MATIAS
MOV-00993,Salida,HP9834,1,2025-10-15,,INFAS S.R.L,MATIAS
MOV-00994,Salida,RE62418,1,2025-10-15,,INFAS S.R.L,MATIAS
MOV-00995,Salida,250027-201,1,2025-10-15,º18553,ACLADE,MATIAS
MOV-00996,Salida,1001092456-JLG,1,2025-10-15,º18554,E.P SERV ESPECIALES,MATIAS
MOV-00997,Salida,ML5052G,1,2025-10-20,,ROADMACH,MATIAS
MOV-00998,Salida,ML1280G,1,2025-10-20,,ROADMACH,MATIAS
MOV-00999,Salida,LF3349,1,2025-10-20,,ROADMACH,MATIAS
MOV-01000,Salida,AL 12,1,2025-10-20,,AM CÓRDOBA,MATIAS
MOV-01001,Salida,OX174,1,2025-10-20,,AM CÓRDOBA,MATIAS
MOV-01002,Salida,R9030M,1,2025-10-20,",",AM CÓRDOBA,MATIAS
MOV-01003,Salida,HDS837,1,2025-10-20,,AM CÓRDOBA,MATIAS
MOV-01004,Salida,HD9837/LX1070,1,2025-10-20,,AM CÓRDOBA,MATIAS
MOV-01005,Salida,KX77,1,2025-10-20,,AM CÓRDOBA,MATIAS
MOV-01006,Salida,9009,1,2025-10-20,",",FORD CARGO AM CBA.,MATIAS
MOV-01007,Salida,WF2073,1,2025-10-20,,FORD CARGO AM CBA.,MATIAS
MOV-01008,Salida,ML1212G,1,2025-10-20,,FORD CARGO AM CBA.,MATIAS
MOV-01009,Salida,ML5052G,1,2025-10-20,,FORD CARGO AM CBA.,MATIAS
MOV-01010,Salida,LX1716,1,2025-10-20,,FORD CARGO AM CBA.,MATIAS
MOV-01011,Salida,LXS261,1,2025-10-20,,FORD CARGO AM CBA.,MATIAS
MOV-01012,Salida,88290014-486,1,2025-10-21,18558,"Lopez, oscar agustin RIMINI",MATIAS
MOV-01013,Salida,88290014-484,1,2025-10-21,18558,"Lopez, oscar agustin RIMINI",MATIAS
MOV-01014,Salida,`040899RA,2,2025-10-21,18557,AMIANGRAF SRL,MATIAS
MOV-01015,Salida,250022-669,1,2025-10-21,18556,MOLINOS FLORENCIA SAU,MATIAS
MOV-01016,Salida,HF35018,1,2025-10-21,,AM CÓRDOBA,MATIAS
MOV-01017,Salida,KC83 PRIX,1,2025-10-21,,INDUSTPLAST INTº7,MATIAS
MOV-01018,Salida,MR378,1,2025-10-21,,INDUSTPLAST INTº8,MATIAS
MOV-01019,Salida,MR378/S,1,2025-10-21,,INDUSTPLAST INTº9,MATIAS
MOV-01020,Salida,OC988,1,2025-10-21,,INDUSTPLAST INTº10,MATIAS
MOV-01021,Salida,250022-669,1,2025-10-21,,COTA,MATIAS
MOV-01022,Salida,250022-669,1,2025-10-22,18564,AGRINOA S.A,MATIAS
MOV-01023,Salida,250022-669,1,2025-10-22,18565,FUNDICIÓN COLDEN S.A,MATIAS
MOV-01024,Salida,KL788,1,2025-10-24,,Muni malagueño,MATIAS
MOV-01025,Salida,OX171,1,2025-10-24,,Muni malagueño,MATIAS
MOV-01026,Salida,250022-669,2,2025-10-24,18571,Frigorifico Coronel MOLDES.,MATIAS
MOV-01027,Salida,ML5052,1,2025-10-27,,Santiago Verdu,MATIAS
MOV-01028,Salida,ML1280G,1,2025-10-27,,Santiago Verdu,MATIAS
MOV-01029,Salida,ML1000,2,2025-10-27,,QUIMVAR,MATIAS
MOV-01030,Salida,02250196-470,1,2025-10-28,Pendientes de etrega anterior,CAPYC,MATIAS
MOV-01031,Salida,02250196-470,1,2025-10-28,R 18574,Plasticos Boulevares,MATIAS
MOV-01032,Salida,250019-453,1,2025-10-28,R 18575,SERVAGROP,MATIAS
MOV-01033,Salida,250022-669,1,2025-10-28,,MACOSER S.A.,MATIAS
MOV-01034,Salida,ML33490,1,2025-10-28,,FRIGORIFICO CIRAMI - A VER CON MANU,CAMILO
MOV-01035,Salida,LX200/HP8528,1,2025-10-28,,AUTOELEVADOR COMAR,MATIAS
MOV-01036,Salida,LXS40/1 VOX,1,2025-10-28,,AUTOELEVADOR COMAR,MATIAS
MOV-01037,Salida,042034RA,6,2025-10-29,18578,trans GAS DEL NORTE,MATIAS
MOV-01038,Salida,70031074-TRA,12,2025-10-29,P 35833,Golden Peanuts,MATIAS
MOV-01039,Salida,70030307-TRA,12,2025-10-29,,Golden Peanuts,MATIAS
MOV-01040,Salida,1319612-TRA,2,2025-10-29,,Golden Peanuts,MATIAS
MOV-01041,Salida,1319593-TRA,1,2025-10-29,,Golden Peanuts,MATIAS
MOV-01042,Salida,1319594-TRA,1,2025-10-29,,Golden Peanuts,MATIAS
MOV-01043,Salida,8036190-TRA,1,2025-10-29,,Golden Peanuts,MATIAS
MOV-01044,Salida,270008-586,1,2025-10-30,,NOAL S.A,Manuel
MOV-01045,Salida,FF5052,1,2025-10-30,P 35380,HELACOR,MATIAS
MOV-01046,Salida,FS1280,1,2025-10-30,,HELACOR,MATIAS
MOV-01047,Salida,LF3349,1,2025-10-30,,HELACOR,MATIAS
MOV-01048,Salida,AH1136,1,2025-10-30,,HELACOR,MATIAS
MOV-01049,Salida,040899RA,1,2025-10-31,Rº18582,CORBLOCK S.A.I.C,MATIAS
MOV-01050,Salida,88290014-484,2,2025-11-03,Rº18584,AGRO-IMPERIO SRL,MATIAS
MOV-01051,Salida,88290014-485,2,2025-11-03,,AGRO-IMPERIO SRL,MATIAS
MOV-01052,Salida,45672,1,2025-11-04,Rº18588,FUNDICIÓN COLDEN S.A,MATIAS
MOV-01053,Salida,MR378,1,2025-11-04,,INDUSPLAST,MATIAS
MOV-01054,Salida,MR378S,1,2025-11-04,,INDUSPLAST,MATIAS
MOV-01055,Salida,OC988,1,2025-11-04,,INDUSPLAST,MATIAS
MOV-01056,Salida,KC83,1,2025-11-04,,INDUSPLAST,MATIAS
MOV-01057,Salida,250034-085,1,2025-11-04,Rº18587,F2J LIGHTING CORDOBA S.A,MATIAS
MOV-01058,Salida,02250048-734,1,2025-11-04,,F2J LIGHTING CORDOBA S.A,MATIAS
MOV-01059,Salida,405158RA,1,2025-11-04,,F2J LIGHTING CORDOBA S.A,MATIAS
MOV-01060,Salida,250004-641,1,2025-11-04,,F2J LIGHTING CORDOBA S.A,MATIAS
MOV-01061,Salida,02250155-709,4,2025-11-05,Rº18590,LA CUMBRECITA S.R.L,MATIAS
MOV-01062,Salida,250041-638,1,2025-11-05,Rº18591,CONORVIAL S.A,MATIAS
MOV-01063,Salida,250027-201,2,2025-11-05,,CONORVIAL S.A,MATIAS
MOV-01064,Salida,`001104,1,2025-11-05,,CONORVIAL S.A,MATIAS
MOV-01065,Salida,02250196-470,1,2025-11-06,Rº18592,Plasticos Boulevares,MATIAS
MOV-01066,Salida,88290015-567,1,2025-11-07,Rº18593,TORRES ARIAS DAVID GERMAN,MATIAS
MOV-01067,Salida,88290014-485,1,2025-11-07,,TORRES ARIAS DAVID GERMAN,MATIAS
MOV-01068,Salida,02250125-372,2,2025-11-07,Rº18594,MASTIL S.A,MATIAS
MOV-01069,Salida,02250155-709,2,2025-11-07,,MASTIL S.A,MATIAS
MOV-01070,Salida,KC454,1,2025-11-07,,PRENSA AM CORDOBA,MATIAS
MOV-01071,Salida,V719,1,2025-11-07,,PRENSA AM CORDOBA,MATIAS
MOV-01072,Salida,V720,1,2025-11-07,,PRENSA AM CORDOBA,MATIAS
MOV-01073,Salida,ML5052G,1,2025-11-07,,PRENSA AM CORDOBA,MATIAS
MOV-01074,Salida,OC1738,1,2025-11-07,,PRENSA AM CORDOBA,MATIAS
MOV-01075,Salida,KC188,1,2025-11-10,,PRENSA AM CORDOBA,MATIAS
MOV-01076,Salida,FS19732,1,2025-11-10,,PRENSA AM CORDOBA,MATIAS
MOV-01077,Salida,049905RA,1,2025-11-10,,DIEGO PETRELLI,MANUEL
MOV-01078,Salida,88290017-056,3,2025-11-11,Rº18601,AGRO-IMPERIO SRL,MATIAS
MOV-01079,Salida,02250196-470,1,2025-11-11,Rº18602,AGROMANI S.A,MATIAS
MOV-01080,Salida,02250078-031,2,2025-11-12,,RUKAWE S.A,MATIAS
MOV-01081,Salida,OX339/2D,1,2025-11-12,,,MATIAS
MOV-01082,Salida,KL583,1,2025-11-12,,,MATIAS
MOV-01083,Salida,HLP5053,1,2025-11-12,,,MATIAS
MOV-01084,Salida,250032-482,1,2025-11-12,Rº18606,ALL PACKS.A,MATIAS
MOV-01085,Salida,250025-525,1,2025-11-12,Rº18605,POLIFILM S.A,MATIAS
MOV-01086,Salida,040899RA,1,2025-11-12,,POLIFILM S.A,MATIAS
MOV-01087,Salida,250022-669,1,2025-11-12,,POLIFILM S.A,MATIAS
MOV-01088,Salida,040899RA,1,2025-11-13,Rº18608,FERNANDEZ HERMANOS S.A,MATIAS
MOV-01089,Salida,250025-525,1,2025-11-13,,FERNANDEZ HERMANOS S.A,MATIAS
MOV-01090,Salida,250034-116,1,2025-11-13,,FERNANDEZ HERMANOS S.A,MATIAS
MOV-01091,Salida,250022-669,1,2025-11-13,,FERNANDEZ HERMANOS S.A,MATIAS
MOV-01092,Salida,250019-453,1,2025-11-13,,FERNANDEZ HERMANOS S.A,MATIAS
MOV-01093,Salida,AA1127,1,2025-11-13,,HILUX NVQ 680 SERVICIO,MATIAS
MOV-01094,Salida,OC988,1,2025-11-13,,HILUX NVQ 680 SERVICIO,MATIAS
MOV-01095,Salida,AC763,1,2025-11-13,,HILUX NVQ 680 SERVICIO,MATIAS
MOV-01096,Salida,250022-669,2,2025-11-13,,FRIGORIFICO CORONEL MOLDES S.A,MATIAS
MOV-01097,Salida,250025-526,1,2025-11-14,P 35914,MAXION MONTICH,DAVID
MOV-01098,Salida,022500175-062,1,2025-11-14,,MAXION MONTICH,DAVID
MOV-01099,Salida,02250175-063,1,2025-11-14,,MAXION MONTICH,DAVID
MOV-01100,Salida,LXS261,1,2025-11-14,,SERVICIO A.M ILJ082,MATIAS
MOV-01101,Salida,OX174/D,1,2025-11-14,,SERVICIO A.M ILJ083,MATIAS
MOV-01102,Salida,KC647/1,1,2025-11-14,,SERVICIO A.M ILJ084,MATIAS
MOV-01103,Salida,LX1070,1,2025-11-14,,SERVICIO A.M ILJ085,MATIAS
MOV-01104,Salida,AL12,1,2025-11-14,,SERVICIO A.M ILJ086,MATIAS
MOV-01105,Salida,KX67/2D,1,2025-11-14,,SERVICIO A.M ILJ087,MATIAS
MOV-01106,Salida,AF26173,3,2025-11-17,,AGROMETAL SOC.ANONIMA IND,MATIAS
MOV-01107,Salida,C635-0011-03,2,2025-11-17,,AGROMETAL SOC.ANONIMA IND,MATIAS
MOV-01108,Salida,WKU-1001/V,1,2025-11-17,,HILUX GASTON LUNA,MANUEL
MOV-01109,Salida,040899RA,1,2025-11-18,,FLOTA AIR POWER,MANUEL
MOV-01110,Salida,250025-525,1,2025-11-18,,FLOTA AIR POWER,MANUEL
MOV-01111,Salida,MR378,1,2025-11-18,,AUTOELEVADOR INDUSPLAST,MATIAS
MOV-01112,Salida,MR378/S,1,2025-11-18,,AUTOELEVADOR INDUSPLAST,MATIAS
MOV-01113,Salida,KC83,1,2025-11-18,,AUTOELEVADOR INDUSPLAST,MATIAS
MOV-01114,Salida,270009-082,3,2025-11-19,Pº36013,INGERSOLL ARGENTINA S.A.,MATIAS
MOV-01115,Salida,270009-081,3,2025-11-19,,INGERSOLL ARGENTINA S.A.,MATIAS
MOV-01116,Salida,250025-525,4,2025-11-19,,INGERSOLL ARGENTINA S.A.,MATIAS
MOV-01117,Salida,40649,8,2025-11-19,,INGERSOLL ARGENTINA S.A.,MATIAS
MOV-01118,Salida,250022-669,3,2025-11-19,,INGERSOLL ARGENTINA S.A.,MATIAS
MOV-01119,Salida,02250155-709,1,2025-11-19,Rº18613,G.P SERV PETROLEROS S.A,MATIAS
MOV-01120,Salida,02250125-372,1,2025-11-19,,G.P SERV PETROLEROS S.A,MATIAS
MOV-01121,Salida,250032-482,2,2025-11-19,,G.P SERV PETROLEROS S.A,MATIAS
MOV-01122,Salida,250019-451,1,2025-11-20,Rº18618,MOL-PROT S.A.,MATIAS
MOV-01123,Salida,250034-085,1,2025-11-25,Rº18619,JOSE GUMA,VALERIA
MOV-01124,Salida,02250048-734,1,2025-11-25,,JOSE GUMA,VALERIA
MOV-01125,Salida,250022-669,2,2025-11-25,,JOSE GUMA,VALERIA
MOV-01126,Salida,02250215-617,1,2025-11-26,,OLIVES S.A.,MANU
MOV-01127,Salida,250022-669,1,2025-11-26,,OLIVES S.A.,MANU
MOV-01128,Salida,250025-526,2,2025-11-26,,HILADO S.A,MANU
MOV-01129,Salida,´000098,2,2025-11-26,,HILADO S.A,MANU
MOV-01130,Salida,02250100-042,1,2025-11-27,Rº18615,DI.MA.FLO S.A.,VALERIA
MOV-01131,Salida,02250168-084,1,2025-11-27,,DI.MA.FLO S.A.,VALERIA
MOV-01132,Salida,02250168-053,1,2025-11-27,,DI.MA.FLO S.A.,VALERIA
MOV-01133,Salida,02250152-669,1,2025-11-27,,SUCESION DE MACOTEGUI LUIS ANGEL,VALERIA
MOV-01134,Salida,02250049-634,1,2025-11-27,,SUCESION DE MACOTEGUI LUIS ANGEL,VALERIA
MOV-01135,Salida,250019-453,1,2025-11-27,,SUCESION DE MACOTEGUI LUIS ANGEL,VALERIA
MOV-01136,Salida,02250155-174,1,2025-11-27,,SUCESION DE MACOTEGUI LUIS ANGEL,VALERIA
MOV-01137,Salida,02250092-081,1,2025-11-27,,SUCESION DE MACOTEGUI LUIS ANGEL,VALERIA
MOV-01138,Salida,02250100-755,1,2025-12-01,Pº35815,CAPYC. COOP.LTDA,VALERIA
MOV-01139,Salida,02250100-756,1,2025-12-01,,CAPYC. COOP.LTDA,VALERIA
MOV-01140,Salida,250025-526,1,2025-12-01,,CAPYC. COOP.LTDA,VALERIA
MOV-01141,Salida,270009-102,1,2025-12-01,,CAPYC. COOP.LTDA,VALERIA
MOV-01142,Salida,270009-103,1,2025-12-01,,CAPYC. COOP.LTDA,VALERIA
MOV-01143,Salida,02250196-470,2,2025-12-01,,CAPYC. COOP.LTDA,VALERIA
MOV-01144,Salida,02250057-036,1,2025-12-23,,SERV. FLOTA,MATIAS
MOV-01145,Salida,250025-526,1,2025-12-23,,FUNDICION COLDEN,RENE
MOV-01146,Salida,OC988,1,2025-12-23,,autoelevador induplast interno2,MATIAS
MOV-01147,Salida,250022-669,1,2025-12-24,Rº18664,MASTIL S.A,MATIAS
MOV-01148,Salida,02250215-617,1,2025-12-24,Rº18665,Serv. Petroleros,MATIAS
MOV-01149,Salida,250018-551,1,2025-12-29,Rº18668,NATALIO BAUDO E HIJOS S.R.L,MATIAS
MOV-01150,Salida,KL583,1,2025-12-30,,,MATIAS
MOV-01151,Salida,MDH291,1,2025-12-30,,,MATIAS
MOV-01152,Salida,AC7983,1,2025-12-31,,RENE TOYOTA,MATIAS
MOV-01153,Salida,02250105-553,1,2025-12-31,Rº18658,CAPYC COOP.LTDA.,MATIAS
MOV-01154,Salida,02250145-897,1,2025-12-31,,CAPYC COOP.LTDA.,MATIAS
MOV-01155,Salida,250025-526,1,2025-12-31,,CAPYC COOP.LTDA.,MATIAS
MOV-01156,Salida,02250135-155,1,2025-12-31,,CAPYC COOP.LTDA.,MATIAS
MOV-01157,Salida,02250196-470,1,2025-12-31,,CAPYC COOP.LTDA.,MATIAS
MOV-01158,Salida,250034-085,1,2025-12-31,,CAPYC COOP.LTDA.,MATIAS
MOV-01159,Salida,02250193-595,1,2025-12-31,Rº18655,CAPYC COOP.LTDA.,MATIAS
MOV-01160,Salida,02250193-573,1,2025-12-31,,CAPYC COOP.LTDA.,MATIAS
MOV-01161,Salida,270008-555,1,2025-12-31,Rº18656,CAPYC COOP.LTDA.,MATIAS
MOV-01162,Salida,02250136-694,1,2025-12-31,Rº18663,CAPYC COOP.LTDA.,MATIAS
MOV-01163,Salida,02250194-972,1,2025-12-31,,CAPYC COOP.LTDA.,MATIAS
MOV-01164,Salida,02250194-973,1,2025-12-31,,CAPYC COOP.LTDA.,MATIAS
MOV-01165,Salida,02250198-470,2,2025-12-31,,CAPYC COOP.LTDA.,MATIAS
MOV-01166,Salida,LF3349,1,2025-12-31,,PAUNY MUNI,MATIAS
MOV-01167,Salida,FF5052,1,2025-12-31,,PAUNY MUNI,MATIAS
MOV-01168,Salida,FS1242,1,2025-12-31,,PAUNY MUNI,MATIAS
MOV-01169,Salida,FS1000,1,2026-01-05,,MUNI,MATIAS
MOV-01170,Salida,250025-526,1,2026-01-05,,MOLINOS FLORENCIA SAU,MATIAS
MOV-01171,Salida,270009-102,1,2026-01-05,,MOLINOS FLORENCIA SAU,MATIAS
MOV-01172,Salida,270009-103,1,2026-01-05,,MOLINOS FLORENCIA SAU,MATIAS
MOV-01173,Salida,02250168-084,1,2026-01-05,,MOLINOS FLORENCIA SAU,MATIAS
MOV-01174,Salida,02250168-053,1,2026-01-05,,MOLINOS FLORENCIA SAU,MATIAS
MOV-01175,Salida,02250155-174,2,2026-01-05,Rº18672,NOAL S.A.,MATIAS
MOV-01176,Salida,02250175-063,1,2026-01-07,,MAXION MONTICH SERV.,MANUEL
MOV-01177,Salida,02250175-062,1,2026-01-07,,MAXION MONTICH SERV.,MANUEL
MOV-01178,Salida,250025-526,1,2026-01-07,,MAXION MONTICH SERV.,MANUEL
MOV-01179,Salida,1006-3296,1,2026-01-07,,MAXION MONTICH SERV.,MANUEL
MOV-01180,Salida,250028-032,2,2026-01-07,Rº18576,VAWA S.A.,MATIAS
MOV-01181,Salida,02250078-031,2,2026-01-07,,VAWA S.A.,MATIAS
MOV-01182,Salida,250022-669,1,2026-01-07,Rº18673,JOSE GUMA S.A,MATIAS
MOV-01183,Salida,02250125-372,1,2026-01-07,Rº18577,ESTUDIO TECNICO INDUSTRIAL S.A,MATIAS
MOV-01184,Salida,02250215-617,1,2026-01-07,,ESTUDIO TECNICO INDUSTRIAL S.A,MATIAS
MOV-01185,Salida,02250155-709,1,2026-01-07,,ESTUDIO TECNICO INDUSTRIAL S.A,MATIAS
MOV-01186,Salida,02250155-709,1,2026-01-12,,MOLINOS FELIX S.A,MATIAS
MOV-01187,Salida,02250127-684,1,2026-01-12,,MOLINOS FELIX S.A,MATIAS
MOV-01188,Salida,88290017-056,3,2026-01-12,,SERVICIO DE AGUAS DE MISIONES S.A,MATIAS
MOV-01189,Salida,250022-669,5,2026-01-14,Rº18682,TEMAS INDUSTRIALES S.A.,MATIAS
MOV-01190,Salida,250025-526,4,2026-01-14,,TEMAS INDUSTRIALES S.A.,MATIAS
MOV-01191,Salida,`000098,1,2026-01-14,,TEMAS INDUSTRIALES S.A.,MATIAS
MOV-01192,Salida,02250175-062,1,2026-01-14,,TEMAS INDUSTRIALES S.A.,MATIAS
MOV-01193,Salida,250034-085,2,2026-01-14,,TEMAS INDUSTRIALES S.A.,MATIAS
MOV-01194,Salida,02250145-897,1,2026-01-14,,TEMAS INDUSTRIALES S.A.,MATIAS
MOV-01195,Salida,02250193-572,1,2026-01-14,,TEMAS INDUSTRIALES S.A.,MATIAS
MOV-01196,Salida,02250175-063,2,2026-01-14,,TEMAS INDUSTRIALES S.A.,MATIAS
MOV-01197,Salida,405158RA,1,2026-01-14,,TEMAS INDUSTRIALES S.A.,MATIAS
MOV-01198,Salida,02250048-734,1,2026-01-14,,TEMAS INDUSTRIALES S.A.,MATIAS
MOV-01199,Salida,250034-116,1,2026-01-14,,TEMAS INDUSTRIALES S.A.,MATIAS
MOV-01200,Salida,250042-862,1,2026-01-14,,TEMAS INDUSTRIALES S.A.,MATIAS
MOV-01201,Salida,02250221-211,1,2026-01-14,,TEMAS INDUSTRIALES S.A.,MATIAS
MOV-01202,Salida,02250155-709,1,2026-01-14,,MOLIENDA MEDITERRANEA,MANUEL
MOV-01203,Salida,02250215-617,1,2026-01-14,,MOLIENDA MEDITERRANEA,MANUEL
MOV-01204,Salida,02250125-372 IMP.,1,2026-01-14,,MOLIENDA MEDITERRANEA,MANUEL
MOV-01205,Salida,ML33490,1,2026-01-15,,ROADMACH S.A.S.,MATIAS
MOV-01206,Salida,ML1280G,1,2026-01-15,,ROADMACH S.A.S.,MATIAS
MOV-01207,Salida,ML5052G,2,2026-01-15,,ROADMACH S.A.S.,MATIAS
MOV-01208,Salida,AF25957,1,2026-01-16,Pº36239,SUELO NIVEL S.R.L,MATIAS
MOV-01209,Salida,AF25618,1,2026-01-16,,SUELO NIVEL S.R.L,MATIAS
MOV-01210,Salida,OC1738,1,2026-01-16,,SUELO NIVEL S.R.L,MATIAS
MOV-01211,Salida,ML1212,1,2026-01-16,,SUELO NIVEL S.R.L,MATIAS
MOV-01212,Salida,FF5079,1,2026-01-16,,SUELO NIVEL S.R.L,MATIAS
MOV-01213,Salida,8320265,1,2026-01-16,,SUELO NIVEL S.R.L,MATIAS
MOV-01214,Salida,7139077,1,2026-01-16,,SUELO NIVEL S.R.L,MATIAS
MOV-01215,Salida,CC2848,1,2026-01-16,,SUELO NIVEL S.R.L,MATIAS
MOV-01216,Salida,250022-669,1,2026-01-16,Rº18683,CORBLOCK S.A.I.C,MATIAS
MOV-01217,Salida,02250193-567,1,2026-01-19,Pº36221,FUNDICIÓN ARIENTE S.A.I.C,MATIAS
MOV-01218,Salida,02250193-589,1,2026-01-19,,FUNDICIÓN ARIENTE S.A.I.C,MATIAS
MOV-01219,Salida,250034-116,1,2026-01-19,Pº36178,FUNDICIÓN ARIENTE S.A.I.C,MATIAS
MOV-01220,Salida,250042-862,1,2026-01-19,,FUNDICIÓN ARIENTE S.A.I.C,MATIAS
MOV-01221,Salida,`000098,1,2026-01-19,,FUNDICIÓN ARIENTE S.A.I.C,MATIAS
MOV-01222,Salida,250025-525,1,2026-01-19,,FUNDICIÓN ARIENTE S.A.I.C,MATIAS
MOV-01223,Salida,250022-669,2,2026-01-19,,FUNDICIÓN ARIENTE S.A.I.C,MATIAS
MOV-01224,Salida,02250105-553,1,2026-01-19,,FUNDICIÓN ARIENTE S.A.I.C,MATIAS
MOV-01225,Salida,40588,1,2026-01-19,,FUNDICIÓN ARIENTE S.A.I.C,MATIAS
MOV-01226,Salida,02250218-885,1,2026-01-19,Pº36215,FUNDICIÓN ARIENTE S.A.I.C,MATIAS
MOV-01227,Salida,250022-669,1,2026-01-19,,FUNDICIÓN ARIENTE S.A.I.C,MATIAS
MOV-01228,Salida,02250092-081,1,2026-01-19,,FUNDICIÓN ARIENTE S.A.I.C,MATIAS
MOV-01229,Salida,1006-3296,1,2026-01-19,,FUNDICIÓN ARIENTE S.A.I.C,MATIAS
MOV-01230,Salida,250022-669,3,2026-01-19,,FUNDICIÓN ARIENTE S.A.I.C,MATIAS
MOV-01231,Salida,02250155-709,1,2026-01-20,Rº18687,BROGAR S.H,MATIAS
MOV-01232,Salida,02250215-617,1,2026-01-20,,BROGAR S.H,MATIAS
MOV-01233,Salida,02250125-372,1,2026-01-20,,BROGAR S.H,MATIAS
MOV-01234,Salida,408107,1,2026-01-22,,GALLI,VALERIA
MOV-01235,Salida,040899RA,1,2026-01-22,,GALLI,VALERIA
MOV-01236,Salida,02250125-372,2,2026-01-22,Rº18691,NUTRIN S.A,MATIAS
MOV-01237,Salida,02250155-709,4,2026-01-22,,NUTRIN S.A,MATIAS
MOV-01238,Salida,02250215-621,2,2026-01-22,,NUTRIN S.A,MATIAS
MOV-01239,Salida,02250092-081,1,2026-01-22,,NUTRIN S.A,MATIAS
MOV-01240,Salida,02250125-657,1,2026-01-22,Rº18689,MAXION MONTICH S.A,MATIAS
MOV-01241,Salida,250022-669,1,2026-01-22,Rº18688,MAXION MONTICH S.A,MATIAS
MOV-01242,Salida,FF5421,2,2026-01-23,Rº18694,BUNGE ARGENTINA S.A,MATIAS
MOV-01243,Salida,250022-669,1,2026-01-23,,F2J,MANUEL
MOV-01244,Salida,250022-669,2,2026-01-23,,BIOFARMA,MATIAS
MOV-01245,Salida,LF699,1,2026-01-26,,SERV. SOLFLIX,MATIAS
MOV-01246,Salida,´004060,2,2026-01-26,,SERV. SOLFLIX,MATIAS
MOV-01247,Salida,`004125,1,2026-01-26,,SERV. SOLFLIX,MATIAS
MOV-01248,Salida,OC175,1,2026-01-27,,SERV. SOLFLIX,MATIAS
MOV-01249,Salida,KC595,1,2026-01-27,,IVECO TECTOR,MATIAS
MOV-01250,Salida,OC502,1,2026-01-27,,IVECO TECTOR,MATIAS
MOV-01251,Salida,KC440,1,2026-01-27,,IVECO TECTOR,MATIAS
MOV-01252,Salida,LX1070,1,2026-01-27,,IVECO TECTOR,MATIAS
MOV-01253,Salida,LXS261,1,2026-01-27,,IVECO TECTOR,MATIAS
MOV-01254,Salida,248755,1,2026-01-27,Rº18701,CONORVIAL S.A,MATIAS
MOV-01255,Salida,LX486,2,2026-01-28,,INDUSPLAST,MATIAS
MOV-01256,Salida,OC41,2,2026-01-28,,INDUSPLAST,MATIAS
MOV-01257,Salida,LX275,1,2026-01-28,,INDUSPLAST,MATIAS
MOV-01258,Salida,OC67,1,2026-01-28,,INDUSPLAST,MATIAS
MOV-01259,Salida,02250127-684,1,2026-01-28,Rº18702,VITALISSIMA S.A,MATIAS
MOV-01260,Salida,02250155-709,1,2026-01-28,,VITALISSIMA S.A,MATIAS
MOV-01261,Salida,02250215-621,1,2026-01-28,,VITALISSIMA S.A,MATIAS
MOV-01262,Salida,250022-669,1,2026-01-28,,VITALISSIMA S.A,MATIAS
MOV-01263,Salida,´040146,2,2026-01-23,,CORALINO,MANUEL
MOV-01264,Salida,´045672,2,2026-01-23,,CORALINO,MANUEL
MOV-01265,Salida,02250196-470,1,2026-01-23,,AIMURAI,MANUEL
MOV-01266,Salida,408993,1,2026-01-23,,AIMURAI,MANUEL
MOV-01267,Salida,250025-525,1,2026-01-23,,AIMURAI,MANUEL
MOV-01268,Salida,02250137-895,3,2026-01-23,,AIMURAI,MANUEL
MOV-01269,Salida,AL12,1,2026-01-28,,MUNI MALAGUEÑO,MATIAS
MOV-01270,Salida,49796,1,2026-01-28,,FUNDARG S.R.L,MATIAS
MOV-01271,Salida,02250168-084,4,2026-01-29,Rº18705,ALICAN S.A,MATIAS
MOV-01272,Salida,02250168-053,1,2026-01-29,,ALICAN S.A,MATIAS
MOV-01273,Salida,OC67,1,2026-01-29,,EDGAR VERDU,MATIAS
MOV-01274,Salida,02250155-174 IMP,1,2026-02-02,,VULCANO,MANUEL
MOV-01275,Salida,250022-669,1,2026-02-02,Rº18708,BENITO ROGGIO,MATIAS
MOV-01276,Salida,250022-669,4,2026-02-02,Rº18711,COLORTEX S.A,MATIAS
MOV-01277,Salida,02250139-995,4,2026-02-02,,COLORTEX S.A,MATIAS
MOV-01278,Salida,02250175-062,2,2026-02-02,,COLORTEX S.A,MATIAS
MOV-01279,Salida,02250175-063,2,2026-02-02,,COLORTEX S.A,MATIAS
MOV-01280,Salida,02250193-535,2,2026-02-02,,COLORTEX S.A,MATIAS
MOV-01281,Salida,02250117-782,2,2026-02-02,,COLORTEX S.A,MATIAS
MOV-01282,Salida,250028-032,1,2026-02-02,Rº18710,BODEGAS HERCE S.A.,MATIAS
MOV-01283,Salida,02250111-804,1,2026-02-02,,BODEGAS HERCE S.A.,MATIAS
MOV-01284,Salida,250032-482,1,2026-02-02,,BODEGAS HERCE S.A.,MATIAS
MOV-01285,Salida,02250145-625,2,2026-02-02,Rº18709,NOAL S.A.,MATIAS
MOV-01286,Salida,02250195-470,1,2026-02-02,Rº18713,PLASTICOS BOULEVARES S.R.L,MATIAS
MOV-01287,Salida,´040146,2,2026-02-02,Rº18714,HIJOS DE SALVADOR MUÑOZ S.R.L,MANUEL
MOV-01288,Salida,´045672,1,2026-02-02,,HIJOS DE SALVADOR MUÑOZ S.R.L,MANUEL
MOV-01289,Salida,02250137-895,1,2026-02-02,,HIJOS DE SALVADOR MUÑOZ S.R.L,MANUEL
MOV-01290,Salida,040899RA,1,2026-02-02,,HIJOS DE SALVADOR MUÑOZ S.R.L,MANUEL
MOV-01291,Salida,250025-525,1,2026-02-02,,HIJOS DE SALVADOR MUÑOZ S.R.L,MANUEL
MOV-01292,Salida,250022-669,1,2026-02-02,,HIJOS DE SALVADOR MUÑOZ S.R.L,MANUEL
MOV-01293,Salida,02250137-895,1,2026-02-02,,HIJOS DE SALVADOR MUÑOZ S.R.L,MANUEL
MOV-01294,Salida,250025-525,1,2026-02-02,,HIJOS DE SALVADOR MUÑOZ S.R.L,MANUEL
MOV-01295,Salida,040899RA,1,2026-02-02,,HIJOS DE SALVADOR MUÑOZ S.R.L,MANUEL
MOV-01296,Salida,´040146,2,2026-02-02,,HIJOS DE SALVADOR MUÑOZ S.R.L,MANUEL
MOV-01297,Salida,AL12,1,2026-02-05,,MUNI MALAGUEÑO,MATIAS
MOV-01298,Salida,OX161D,1,2026-02-05,,MUNI MALAGUEÑO,MATIAS
MOV-01299,Salida,LX2621,1,2026-02-05,,MUNI MALAGUEÑO,MATIAS
MOV-01300,Salida,KX67/2D,1,2026-02-05,,MUNI MALAGUEÑO,MATIAS
MOV-01301,Salida,KX710D,1,2026-02-05,,MUNI MALAGUEÑO,MATIAS
MOV-01302,Salida,02250194-968,1,2026-02-09,Rº18720,SORIANO HNOS. S.A,MATIAS
MOV-01303,Salida,250041-638,1,2026-02-10,Rº18722,A.PE.SA,MATIAS
MOV-01304,Salida,7013301-JLG,1,2026-02-10,Rº18721,VOLSKWAGEN ARGENTINA S.A,MATIAS
MOV-01305,Salida,88290014-486,1,2026-02-10,R/I,CUFIA SERVICIO,DAVID
MOV-01306,Salida,88290014-484,1,2026-02-10,R/I,CUFIA SERVICIO,DAVID
MOV-01307,Salida,88290014-485,1,2026-02-11,Rº18724,MACCHIAROLA S.A,MATIAS
MOV-01308,Salida,88290015-567,1,2026-02-11,,MACCHIAROLA S.A,MATIAS
MOV-01309,Salida,88290014-484,1,2026-02-11,,MACCHIAROLA S.A,MATIAS
MOV-01310,Salida,PURGA AUTOMATICA,1,2026-02-11,Rº18725,MACCHIAROLA S.A,MATIAS
MOV-01311,Salida,02250215-621,1,2026-02-11,Rº18716,TIT CAN GROSS S.A,MATIAS
MOV-01312,Salida,02250193-571,3,2026-02-12,Rº18728,REFINERIA DEL CENTRO S.A,MATIAS
MOV-01313,Salida,02250193-593,3,2026-02-12,,REFINERIA DEL CENTRO S.A,MATIAS
MOV-01314,Salida,02250226-353,1,2026-02-12,Rº18729,CENTRAL BIOELECTRICA UNO S.A.U,MATIAS
MOV-01315,Salida,FF149,1,2026-02-17,R/I,SUELO NIVEL S.R.L,GABRIEL
MOV-01316,Salida,LF16011,1,2026-02-17,,SUELO NIVEL S.R.L,GABRIEL
MOV-01317,Salida,HF9500,1,2026-02-17,,SUELO NIVEL S.R.L,GABRIEL
MOV-01318,Salida,KC18,1,2026-02-17,,SUELO NIVEL S.R.L,GABRIEL
MOV-01319,Salida,VP-799/S,1,2026-02-17,,SUELO NIVEL S.R.L,GABRIEL
MOV-01320,Salida,VP-799,1,2026-02-17,,SUELO NIVEL S.R.L,GABRIEL
MOV-01321,Salida,FF5272,1,2026-02-17,,SUELO NIVEL S.R.L,GABRIEL
MOV-01322,Salida,FS19914,1,2026-02-17,,SUELO NIVEL S.R.L,GABRIEL
MOV-01323,Salida,02250152-670,1,2026-02-18,R/I,MANISUR,MANUEL
MOV-01324,Salida,P5113,1,2026-02-18,,SUELO NIVEL S.R.L,MATIAS
MOV-01325,Salida,LF3400,1,2026-02-18,,SUELO NIVEL S.R.L,MATIAS
MOV-01326,Salida,HF35305,1,2026-02-18,,SUELO NIVEL S.R.L,MATIAS
MOV-01327,Salida,J3543R,1,2026-02-18,,SUELO NIVEL S.R.L,MATIAS
MOV-01328,Salida,88290018-640,1,2026-02-18,R/I,PABLO FEDERICO COMPR. REP. TALLER,MANUEL
MOV-01329,Salida,VP-2709/S,1,2026-02-19,,SUELO NIVEL S.R.L,YASMIN
MOV-01330,Salida,02250215-621,1,2026-02-20,Rº18733,FERNANDEZ HERMANOS S.A,MATIAS
MOV-01331,Salida,02250155-709,1,2026-02-20,,FERNANDEZ HERMANOS S.A,MATIAS
MOV-01332,Salida,02250127-684,1,2026-02-20,,FERNANDEZ HERMANOS S.A,MATIAS
MOV-01333,Salida,250022-669,1,2026-02-20,,FERNANDEZ HERMANOS S.A,MATIAS
MOV-01334,Salida,02250194-972,1,2026-02-20,Rº18723,BARBERO S.A.,MATIAS
MOV-01335,Salida,KC647D,1,2026-02-20,R/I,MUNI MALAGUEÑO SERV TALLER,DARIO
MOV-01336,Salida,AL12,1,2026-02-20,,MUNI MALAGUEÑO SERV TALLER,DARIO
MOV-01337,Salida,OC502,1,2026-02-20,,MUNI MALAGUEÑO SERV TALLER,DARIO
MOV-01338,Salida,KC188,1,2026-02-20,,MUNI MALAGUEÑO SERV TALLER,DARIO
MOV-01339,Salida,LXS261,1,2026-02-20,,MUNI MALAGUEÑO SERV TALLER,DARIO
MOV-01340,Salida,LX1070,1,2026-02-20,,MUNI MALAGUEÑO SERV TALLER,DARIO
MOV-01341,Salida,02250078-204,1,2026-02-20,Oficina,KATE,MANUEL
MOV-01342,Salida,250019-453,1,2026-02-20,R/I,MANISUR SERV TALLER.,DAVID
MOV-01343,Salida,02250092-081,1,2026-02-20,,MANISUR SERV TALLER.,DAVID
MOV-01344,Salida,02250155-709,1,2026-02-20,SERV,MANISUR SERV TALLER.,DAVID
MOV-01345,Salida,02250215-621,1,2026-02-20,,MANISUR SERV TALLER.,DAVID
MOV-01346,Salida,02250127-684,1,2026-02-20,ENTREPISO,MANISUR SERV TALLER.,DAVID
MOV-01347,Salida,02250100-042,1,2026-02-20,,MANISUR SERV TALLER.,DAVID
MOV-01348,Salida,022500137-895,1,2026-02-23,Rº18734,COTA S.A,MATIAS
MOV-01349,Salida,250025-525,1,2026-02-23,,COTA S.A,MATIAS
MOV-01350,Salida,040899RA,1,2026-02-23,,COTA S.A,MATIAS
MOV-01351,Salida,250022-669,1,2026-02-23,,COTA S.A,MATIAS
MOV-01352,Salida,88290014-485,15,2026-02-23,,COTA S.A,MATIAS
MOV-01353,Salida,88290014-485,1,2026-02-23,R/I,KHATE / TALLER,MATIAS
MOV-01354,Salida,88290014-484,1,2026-02-23,,KHATE / TALLER,MATIAS
MOV-01355,Salida,*049905,1,2026-02-23,R/I,MANISUR / TALLER,DAVID
MOV-01356,Salida,02250194-922,1,2026-02-24,Rº18738,AGROMANI S.A,MATIAS
MOV-01357,Salida,02250194-924,1,2026-02-24,,AGROMANI S.A,MATIAS
MOV-01358,Salida,FF5421,1,2026-02-24,,AM CORDOBA,MATIAS
MOV-01359,Salida,LF3970,1,2026-02-24,,AM CORDOBA,MATIAS
MOV-01360,Salida,V719,1,2026-02-24,,AM CORDOBA,MATIAS
MOV-01361,Salida,V720,1,2026-02-24,,AM CORDOBA,MATIAS
MOV-01362,Salida,4T-GX-3402,1,2026-02-24,,COMAR,MATIAS
MOV-01363,Salida,VP-1748,1,2026-02-24,R/I,BOLSA DE CEREALES,MATIAS
MOV-01364,Salida,VP-1748/S,1,2026-02-24,,BOLSA DE CEREALES,MATIAS
MOV-01365,Salida,G-1316,1,2026-02-24,,BOLSA DE CEREALES,MATIAS
MOV-01366,Salida,´004115,1,2026-02-24,,BOLSA DE CEREALES,MATIAS
MOV-01367,Salida,CC2848,2,2026-02-24,,BOLSA DE CEREALES,MATIAS
MOV-01368,Salida,KX24,1,2026-02-24,,BOLSA DE CEREALES,MATIAS
MOV-01369,Salida,250018-427,2,2026-02-25,Rº18739,ARKON S.A,MATIAS
MOV-01370,Salida,88290015-890,1,2026-02-25,,ARKON S.A,MATIAS
MOV-01371,Salida,88290015-891,1,2026-02-25,,ARKON S.A,MATIAS
MOV-01372,Salida,02250215-621,1,2026-02-25,Rº18743,GRUPO ALIMENTICIO S.A,MATIAS
MOV-01373,Salida,02250155-709,1,2026-02-25,,GRUPO ALIMENTICIO S.A,MATIAS
MOV-01374,Salida,02250127-684,1,2026-02-25,,GRUPO ALIMENTICIO S.A,MATIAS
MOV-01375,Salida,250022-669,4,2026-02-25,Rº18744,BIOFARMA S.A,MATIAS
MOV-01376,Salida,02250193-535,2,2026-02-25,Rº18742,REFINERIA DEL CENTRO S.A,MATIAS
MOV-01377,Salida,02250193-567,1,2026-02-25,Rº18741,LUMETAL,DAVID
MOV-01378,Salida,02250193-589,1,2026-02-25,,LUMETAL,DAVID
MOV-01379,Salida,88290014-484,1,2026-02-25,,LUMETAL,DAVID
MOV-01380,Salida,88290014-485,1,2026-02-25,,LUMETAL,DAVID
MOV-01381,Salida,250025-526,1,2026-02-25,Rº18740,CAPYC COOP LTDA,DAVID
MOV-01382,Salida,´000098,1,2026-02-25,,CAPYC COOP LTDA,DAVID
MOV-01383,Salida,LF3345,1,2026-02-25,R/I,CLARO / TALLER,MATIAS
MOV-01384,Salida,FS1280,1,2026-02-25,,CLARO / TALLER,MATIAS
MOV-01385,Salida,FF5052,1,2026-02-25,,CLARO / TALLER,MATIAS
MOV-01386,Salida,FF5580,4,2026-02-26,Rº18746,ACEITERA GENERAL DEHEZA S.A,MATIAS
MOV-01387,Salida,FS19732,4,2026-02-26,,ACEITERA GENERAL DEHEZA S.A,MATIAS
MOV-01388,Salida,88290014-484,1,2026-02-26,Rº18745,ALL PACK S.A,MATIAS
MOV-01389,Salida,88290014-485,1,2026-02-26,,ALL PACK S.A,MATIAS
MOV-01390,Salida,88290017-056,6,2026-02-26,,ALL PACK S.A,MATIAS
MOV-01391,Salida,88290015-219,1,2026-02-26,Rº18747,ESTANCIA SAN RAMON S.A,MATIAS
MOV-01392,Salida,88290014-484,2,2026-02-26,,ESTANCIA SAN RAMON S.A,MATIAS
MOV-01393,Salida,88290014-485,2,2026-02-26,,ESTANCIA SAN RAMON S.A,MATIAS
MOV-01394,Salida,WF2074,1,2026-02-26,Rº18748,INGERSOLL ARGENTINA S.A,MATIAS
MOV-01395,Salida,CC2848,1,2026-02-26,,INGERSOLL ARGENTINA S.A,MATIAS
MOV-01396,Salida,OC534,1,2026-02-27,R/I,MUNI MALAGUEÑO SERV TALLER,MATIAS
MOV-01397,Salida,250034-087,1,2026-02-27,Rº18750,VIAL RG S.A,MATIAS
MOV-01398,Salida,PURGA AUTOMATICA,1,2026-03-02,R/I,PALMAR / REPARACIÓN TALLER,DIEGO
MOV-01399,Salida,02250193-594,1,2026-03-02,,PALMAR / REPARACIÓN TALLER,DIEGO
MOV-01400,Salida,02250193-572,1,2026-03-02,,PALMAR / REPARACIÓN TALLER,DIEGO
MOV-01401,Salida,250022-669,3,2026-03-02,Rº18753,INGERSOLL ARGENTINA S.A,MATIAS
MOV-01402,Salida,LXS261,1,2026-03-02,R/I,AM CORDOBA / REP TALLER PRENSA ITM990,MATIAS
MOV-01403,Salida,LX1070,1,2026-03-02,,AM CORDOBA / REP TALLER PRENSA ITM991,MATIAS
MOV-01404,Salida,R90-30M,1,2026-03-02,,AM CORDOBA / REP TALLER PRENSA ITM992,MATIAS
MOV-01405,Salida,KX67/2D,1,2026-03-02,,AM CORDOBA / REP TALLER PRENSA ITM993,MATIAS
MOV-01406,Salida,OX174D,1,2026-03-02,,AM CORDOBA / REP TALLER PRENSA ITM994,MATIAS
MOV-01407,Salida,FS19732,1,2026-03-02,,AM CORDOBA / REP TALLER PRENSA ITM995,MATIAS
MOV-01408,Salida,S00301-238,2,2026-03-02,Rº18754,MAGLIONE HNOS Y CIA S.A,MATIAS
MOV-01409,Salida,02250215-621,2,2026-03-03,Rº18755,JUAN BLANGINO,MATIAS
MOV-01410,Salida,02250155-709,2,2026-03-03,,JUAN BLANGINO,MATIAS
MOV-01411,Salida,02250127-684,2,2026-03-03,,JUAN BLANGINO,MATIAS
MOV-01412,Salida,KL582,1,2026-03-03,R/I,LIFAN MUNI MALAGUEÑO TALLER,
MOV-01413,Salida,88290014-486,2,2026-03-04,Rº18756,ESTANCIA SAN RAMON S.A,MATIAS
MOV-01414,Salida,02250194-922,1,2026-03-04,Rº18751,AGROMANI S.A,MATIAS
MOV-01415,Salida,02250194-924,1,2026-03-04,,AGROMANI S.A,MATIAS
MOV-01416,Salida,MR372,1,2026-03-04,,AM CORDOBA/MONTANA,MATIAS
MOV-01417,Salida,OC90,1,2026-03-04,,AM CORDOBA/MONTANA,MATIAS
MOV-01418,Salida,02250164-606,1,2026-03-04,,CUATRO ASES,DIEGO
MOV-01419,Salida,02250196-470,2,2026-03-05,Rº18759,PLASTICOS BOULEVARES S.R.L,MATIAS
MOV-01420,Salida,250025-526,1,2026-03-05,Rº18760,GUALCO S.A,MATIAS
MOV-01421,Salida,250022-669,5,2026-03-06,Rº18762,AKRON S.A,MATIAS
MOV-01422,Salida,250025-526,1,2026-03-06,,AKRON S.A,MATIAS
MOV-01423,Salida,270009-081,1,2026-03-06,,AKRON S.A,MATIAS
MOV-01424,Salida,270009-082,1,2026-03-06,,AKRON S.A,MATIAS
MOV-01425,Salida,02250137-895,2,2026-03-06,,AKRON S.A,MATIAS
MOV-01426,Salida,250025-525,2,2026-03-06,,AKRON S.A,MATIAS
MOV-01427,Salida,040899RA,2,2026-03-06,,AKRON S.A,MATIAS
MOV-01428,Salida,88290014-484,2,2026-03-06,,AKRON S.A,MATIAS
MOV-01429,Salida,88290014-486,2,2026-03-06,,AKRON S.A,MATIAS
MOV-01430,Salida,88290015-049,2,2026-03-06,,AKRON S.A,MATIAS
MOV-01431,Salida,02250193-572,1,2026-03-06,,AKRON S.A,MATIAS
MOV-01432,Salida,02250193-594,1,2026-03-06,,AKRON S.A,MATIAS
MOV-01433,Salida,02250100-755,1,2026-03-09,R/I,ROGGIO FERROINDUSTRIAL SERVICIO,MATIAS
MOV-01434,Salida,02250100-756,1,2026-03-09,,ROGGIO FERROINDUSTRIAL SERVICIO,MATIAS
MOV-01435,Salida,250025-526,1,2026-03-09,,ROGGIO FERROINDUSTRIAL SERVICIO,MATIAS
MOV-01436,Salida,EF443,1,2026-03-09,,ROGGIO FERROINDUSTRIAL SERVICIO,MATIAS
MOV-01437,Salida,EF436,1,2026-03-09,,ROGGIO FERROINDUSTRIAL SERVICIO,MATIAS
MOV-01438,Salida,02250100-042,1,2026-03-10,R/I,ROGGIO FERROINDUSTRIAL SERVICIO,MATIAS
MOV-01439,Salida,049905RA,1,2026-03-10,,ROGGIO FERROINDUSTRIAL SERVICIO,MATIAS
MOV-01440,Salida,250031-438,1,2026-03-10,,ROGGIO FERROINDUSTRIAL SERVICIO,MATIAS
MOV-01441,Salida,HAD-20B,4,2026-03-10,Rº18766,MACCHIAROLA S.A,MATIAS
MOV-01442,Salida,250032-482,1,2026-03-11,Rº18765,MANISUR S.A,MATIAS
MOV-01443,Salida,250019-451,1,2026-03-11,R/I,ROGGIO FERROINDUSTRIAL SERVICIO,DAVID
MOV-01444,Salida,OC90,1,2026-03-12,R/I,VALERIA CONTRERAS,MATIAS
MOV-01445,Salida,OC196,1,2026-03-12,R/I,MATIAS SANTUCHO,MATIAS
MOV-01446,Salida,KL238/D,1,2026-03-12,,MATIAS SANTUCHO,MATIAS
MOV-01447,Salida,LX2643,1,2026-03-12,,MATIAS SANTUCHO,MATIAS
MOV-01448,Salida,KIT WEGA,1,2026-03-12,R/I,MANUEL,MANUEL
MOV-01449,Salida,250022-669,2,2026-03-13,Rº18768,CORBLOCK S.A.I.C,MATIAS
MOV-01450,Salida,250031-771,2,2026-03-13,Rº18770,BIOFARMA S.A,MATIAS
MOV-01451,Salida,194-918,1,2026-03-16,R/I,VULCANO,MATIAS
MOV-01452,Salida,194-916,1,2026-03-16,,VULCANO,MATIAS
MOV-01453,Salida,02250193-591,1,2026-03-16,,VULCANO,MATIAS
MOV-01454,Salida,02250193-569,1,2026-03-16,,VULCANO,MATIAS
MOV-01455,Salida,02250110-988,1,2026-03-16,,VULCANO,MATIAS
MOV-01456,Salida,ML1280,1,2026-03-16,R/I,SANTIAGO VERDU,MATIAS
MOV-01457,Salida,ML3349,1,2026-03-16,,SANTIAGO VERDU,MATIAS
MOV-01458,Salida,ML5052,2,2026-03-16,,SANTIAGO VERDU,MATIAS
MOV-01459,Salida,02250222-783,1,2026-03-17,Rº18769,LAVIMAR S.A,MATIAS
MOV-01460,Salida,88290015-567,3,2026-03-17,Rº18774,BIOFARMA S.A,MATIAS
MOV-01461,Salida,02250215-621,1,2026-03-17,,BIOFARMA S.A,MATIAS
MOV-01462,Salida,02250078-031,1,2026-03-17,Rº18773,VIAL RG S.A,MATIAS
MOV-01463,Salida,02250193-594,1,2026-03-18,R/I,ORTIZ Y CIA (SERVICIO),DAVID
MOV-01464,Salida,02250193-572,1,2026-03-18,,ORTIZ Y CIA (SERVICIO),DAVID
MOV-01465,Salida,LF3349,1,2026-03-18,,ORTIZ Y CIA (SERVICIO),DAVID
MOV-01466,Salida,FS1275,1,2026-03-18,,ORTIZ Y CIA (SERVICIO),DAVID
MOV-01467,Salida,FF5052,1,2026-03-18,,ORTIZ Y CIA (SERVICIO),DAVID
MOV-01468,Salida,0140-4318,1,2026-03-18,,ORTIZ Y CIA (SERVICIO),DAVID
MOV-01469,Salida,0140-4317,1,2026-03-18,,ORTIZ Y CIA (SERVICIO),DAVID
MOV-01470,Salida,FF5079,1,2026-03-18,,ORTIZ Y CIA (SERVICIO),DAVID
MOV-01471,Salida,88290015-567,1,2026-03-18,Rº18777,SIMON HERMANOS S.A,MATIAS
MOV-01472,Salida,88290014-485,1,2026-03-18,,SIMON HERMANOS S.A,MATIAS
MOV-01473,Salida,88290015-049,1,2026-03-18,,SIMON HERMANOS S.A,MATIAS
MOV-01474,Salida,88290014-486,1,2026-03-18,,SIMON HERMANOS S.A,MATIAS
MOV-01475,Salida,250022-669,1,2026-03-18,,SIMON HERMANOS S.A,MATIAS
MOV-01476,Salida,4360371,1,2026-03-19,Rº18780,VOLSKWAGEN ARGENTINA S.A,MATIAS
MOV-01477,Salida,02250125-372,4,2026-03-19,Rº18779,NUEVA ACEITERA TICINO S.A,MATIAS
MOV-01478,Salida,02250155-709,4,2026-03-19,,NUEVA ACEITERA TICINO S.A,MATIAS
MOV-01479,Salida,02250215-617,2,2026-03-19,,NUEVA ACEITERA TICINO S.A,MATIAS
MOV-01480,Salida,02250125-372,6,2026-03-19,Rº18778,LORENZATI RUETSCH Y CIA S.A,MATIAS
MOV-01481,Salida,02250155-709,6,2026-03-19,,LORENZATI RUETSCH Y CIA S.A,MATIAS
MOV-01482,Salida,02250215-617,2,2026-03-19,,LORENZATI RUETSCH Y CIA S.A,MATIAS
MOV-01483,Salida,02250137-895,4,2026-03-19,Rº18775,JUAN BLANGINO S.A,MATIAS
MOV-01484,Salida,02250215-621,2,2026-03-19,Rº18781,AGROMANI S.A,MATIAS
MOV-01485,Salida,02250057-036,1,2026-03-19,R/I,PRIMER PREMIO (SERV),HUGO
MOV-01486,Salida,HR30204J,2,2026-03-19,R/I,KHATE,DIEGO
MOV-01487,Salida,322026/VA938,1,2026-03-19,,KHATE,DIEGO
MOV-01488,Salida,NU 2206 ECP/C3,1,2026-03-19,,KHATE,DIEGO
MOV-01489,Salida,02250069-073,1,2026-03-19,,KHATE,DIEGO
MOV-01490,Salida,88290015-567,1,2026-03-23,R/I,KHATE,HUGO
MOV-01491,Salida,88290014-484,1,2026-03-23,,KHATE,HUGO
MOV-01492,Salida,88290014-485,1,2026-03-23,,KHATE,HUGO
MOV-01493,Salida,CORREAS (XPZ1212),3,2026-03-23,,KHATE,HUGO
MOV-01494,Salida,250022-669,1,2026-03-25,Rº,METALURGICA ROMA S.A,DAVID
MOV-01495,Salida,6205-2Z/C3,1,2026-03-23,R/I,FH,DARIO
MOV-01496,Salida,6204-2C/C3,1,2026-03-23,,FH,DARIO
MOV-01497,Salida,6312-2rs1/c3,1,2026-03-23,,FH,DARIO
MOV-01498,Salida,6212-2z/c3,1,2026-03-23,,FH,DARIO
MOV-01499,Salida,02250137-895,1,2026-03-25,Rº18782,INDUSTRIA CORMETAL S.A.,MATIAS
MOV-01500,Salida,250025-525,2,2026-03-25,,INDUSTRIA CORMETAL S.A.,MATIAS
MOV-01501,Salida,040899RA,2,2026-03-25,,INDUSTRIA CORMETAL S.A.,MATIAS
MOV-01502,Salida,02250125-372,1,2026-03-25,R/I,PRIMER PREMIO (SERV),JUAN
MOV-01503,Salida,02250155-709,1,2026-03-25,,PRIMER PREMIO (SERV),JUAN
MOV-01504,Salida,02250215-617,1,2026-03-25,,PRIMER PREMIO (SERV),JUAN
MOV-01505,Salida,250032-482,1,2026-03-26,Rº18784,ALL PACK S.A,MATIAS
MOV-01506,Salida,02250215-621,1,2026-03-26,Rº18783,TIT CAN GROSS S.A,MATIAS
MOV-01507,Salida,FF-560 R/S,1,2026-03-26,R/I,MUNI MALAGUEÑO SERV TALLER,MATIAS
MOV-01508,Salida,AL47014,1,2026-03-26,,MUNI MALAGUEÑO SERV TALLER,MATIAS
MOV-01509,Salida,AA2366,1,2026-03-26,,MUNI MALAGUEÑO SERV TALLER,MATIAS
MOV-01510,Salida,02250215-617,1,2026-03-27,R/I,MANUEL,MANUEL
MOV-01511,Salida,02250175-062,1,2026-03-27,Rº18786,FUNDICIÓN ARIENTE S.A.I.C,MATIAS
MOV-01512,Salida,02250175-063,2,2026-03-27,,FUNDICIÓN ARIENTE S.A.I.C,MATIAS
MOV-01513,Salida,02250168-053,1,2026-03-26,Rº18785,DIMAFLO,MATIAS
MOV-01514,Salida,02250168-084,1,2026-03-26,,DIMAFLO,MATIAS
MOV-01515,Salida,02250155-709,1,2026-03-26,R/I,FRONTERA LIVING,DIEGO
MOV-01516,Salida,02250127-684,1,2026-03-26,,FRONTERA LIVING,DIEGO
MOV-01517,Salida,02250215-621,1,2026-03-26,,FRONTERA LIVING,DIEGO
MOV-01518,Salida,S081005/001,4,2026-03-27,Rº18787,MARINELLI S.A,MATIAS
MOV-01519,Salida,A41018-B&L,1,2026-03-30,Rº18788,SAPYC S.R.L,MATIAS
MOV-01520,Salida,88290014-485,1,2026-03-30,R/I,DVR,DAVID
MOV-01521,Salida,88290015-567,1,2026-03-30,,DVR,DAVID
MOV-01522,Salida,250025-525,1,2026-03-30,R/I,MAQUINA FLOTA VERDU,DIEGO
MOV-01523,Salida,250005-185,2,2026-03-30,,MAQUINA FLOTA VERDU,DIEGO
MOV-01524,Salida,40899,1,2026-03-30,,MAQUINA FLOTA VERDU,DIEGO
MOV-01525,Salida,02250137-895,1,2026-03-30,,MAQUINA FLOTA VERDU,DIEGO
MOV-01526,Salida,C635-0011-01,1,2026-03-31,,BOLSA DE CEREALES,MATIAS
MOV-01527,Salida,02250127-684,1,2026-03-31,Rº18789,GA.BE.BA.DI S.R.L,MATIAS
MOV-01528,Salida,LF4054,1,2026-03-31,R/I,RETRO PALA BULL MUNI,MATIAS
MOV-01529,Salida,EF-8033R,1,2026-03-31,,RETRO PALA BULL MUNI,MATIAS
MOV-01530,Salida,EF-8034R,1,2026-03-31,,RETRO PALA BULL MUNI,MATIAS
MOV-01531,Salida,42582,1,2026-03-31,Rº18790,OSCAR SCORZA EQUIPOS Y SERVICIOS S.R.L,MATIAS
MOV-01532,Salida,LF9009,4,2026-04-01,Rº18791,ACEITERA GENERAL DEHEZA S.A,MATIAS
MOV-01533,Salida,WF2076,4,2026-04-01,,ACEITERA GENERAL DEHEZA S.A,MATIAS
MOV-01534,Salida,FF5580,4,2026-04-01,,ACEITERA GENERAL DEHEZA S.A,MATIAS
MOV-01535,Salida,FS19732,4,2026-04-01,,ACEITERA GENERAL DEHEZA S.A,MATIAS
MOV-01536,Salida,A41018-B&L,1,2026-04-01,Rº18792,GIGANTE MAURICIO IGNACIO,MATIAS
MOV-01537,Salida,LB55,1,2026-04-01,R/I,MARIO SANDIANO HONDA FIT,MATIAS
MOV-01538,Salida,KC637D,1,2026-04-01,R/I,AM CORDOBA IVECO,MATIAS
MOV-01539,Salida,OC502,1,2026-04-01,,AM CORDOBA IVECO,MATIAS
MOV-01540,Salida,KC440/KC188,1,2026-04-01,,AM CORDOBA IVECO,MATIAS
MOV-01541,Salida,LX1070,1,2026-04-01,,AM CORDOBA IVECO,MATIAS
MOV-01542,Salida,LXS261,1,2026-04-01,,AM CORDOBA IVECO,MATIAS
MOV-01543,Salida,oc90,1,2026-04-01,R/I,VALERIA CONTRERAS,MATIAS
MOV-01544,Salida,MDH286,1,2026-04-01,,VALERIA CONTRERAS,MATIAS
MOV-01545,Salida,88290014-484,1,2026-04-01,R/I,KHATE/TALLER,-
MOV-01546,Salida,02250078-031,2,2026-04-06,Rº18795,"ROMERO, PABLO JAVIER",MATIAS
MOV-01547,Salida,250028-032,2,2026-04-06,,"ROMERO, PABLO JAVIER",MATIAS
MOV-01548,Salida,88290014-484,4,2026-04-01,Rº18793,KHATE S.A,-
MOV-01549,Salida,88290014-485,4,2026-04-01,,KHATE S.A,-
MOV-01550,Salida,AH19037-FLE,1,2026-04-07,Pº36530,AGD,MARCELO
MOV-01551,Salida,LF3000-FLE,1,2026-04-07,,AGD,MARCELO
MOV-01552,Salida,WF2073-FLE,1,2026-04-07,,AGD,MARCELO
MOV-01553,Salida,FF5052-FLE,1,2026-04-07,,AGD,MARCELO
MOV-01554,Salida,FS1280-FLE,1,2026-04-07,,AGD,MARCELO
MOV-01555,Salida,02250137-895,1,2026-04-07,Pº36448,PRODEMAN,MARCELO
MOV-01556,Salida,02250196-470,1,2026-04-07,,PRODEMAN,MARCELO
MOV-01557,Salida,02250193-573,1,2026-04-07,Rº18803,MOLINOS CAÑUELAS,MARCELO
MOV-01558,Salida,02250193-595,1,2026-04-07,Rº18804,MOLINOS CAÑUELAS,MARCELO
MOV-01559,Salida,250022-669,1,2026-04-06,Rº18796,MOLINOS FLORENCIA S.A.U,MATIAS
MOV-01560,Salida,02250168-053,1,2026-04-06,,MOLINOS FLORENCIA S.A.U,MATIAS
MOV-01561,Salida,02250168-084,1,2026-04-06,,MOLINOS FLORENCIA S.A.U,MATIAS
MOV-01562,Salida,´045672,1,2026-04-06,R/I,EQUIPO DE FLOTA,MATIAS
MOV-01563,Salida,02250193-535,2,2026-04-06,Rº18798,REFINERIA DEL CENTRO S.A,MATIAS
MOV-01564,Salida,250017-280,1,2026-04-06,Rº18800,LORENZATI RUETSCH Y CIA S.A,MATIAS
MOV-01565,Salida,42582,1,2026-04-07,R/I,COOPERATIVA ARROYO CABRAL(GARANTIA),MARCELO
MOV-01566,Salida,02250196-470,2,2026-04-07,Rº18802,AGROMANI S.A,MATIAS
MOV-01567,Salida,02250215-621,1,2026-04-07,Rº18801,INDUSTRIA LAM S.A,MATIAS
MOV-01568,Salida,250022-669,1,2026-04-07,,INDUSTRIA LAM S.A,MATIAS
MOV-01569,Salida,02250218-885,1,2026-04-08,Rº18805,MOLINOS FLORENCIA S.A.U,MATIAS
MOV-01570,Salida,OC1009,1,2026-04-08,R/I,AUTOELEVADOR COMAR,MATIAS
MOV-01571,Salida,KC182,1,2026-04-08,,AUTOELEVADOR COMAR,MATIAS
MOV-01572,Salida,LXS40/1,1,2026-04-08,,AUTOELEVADOR COMAR,MATIAS
MOV-01573,Salida,LX200,1,2026-04-08,,AUTOELEVADOR COMAR,MATIAS
MOV-01574,Salida,179-9806,1,2026-04-09,R/I,AM CORDOBA CAT,MATIAS
MOV-01575,Salida,45672,1,2026-04-09,R/I,FLOTA TALLER,MATIAS
MOV-01576,Salida,40146,2,2026-04-09,R/I,FLOTA TALLER,MATIAS
MOV-01577,Salida,270009-082,3,2026-04-09,Rº18806,SERVAGROP HDO S.A,MATIAS
MOV-01578,Salida,250025-526,3,2026-04-09,,SERVAGROP HDO S.A,MATIAS
MOV-01579,Salida,88290015-049,2,2026-04-09,,SERVAGROP HDO S.A,MATIAS
MOV-01580,Salida,AF-1855,1,2026-04-09,R/I,CLARO / TALLER,MATIAS
MOV-01581,Salida,1001186466-JLG,1,2026-04-10,Rº18807,GEORGALOS HNOS S.A.I.C.A,MATIAS
MOV-01582,Salida,02250100-755,1,2026-04-10,Rº18810,FRIGORIFICO GENERAL DEHEZA S.A,MATIAS
MOV-01583,Salida,02250100-756,1,2026-04-10,,FRIGORIFICO GENERAL DEHEZA S.A,MATIAS
MOV-01584,Salida,250025-526,1,2026-04-10,,FRIGORIFICO GENERAL DEHEZA S.A,MATIAS
MOV-01585,Salida,270009-102 (EF-443),1,2026-04-10,,FRIGORIFICO GENERAL DEHEZA S.A,MATIAS
MOV-01586,Salida,270009-103 (EF-436),1,2026-04-10,,FRIGORIFICO GENERAL DEHEZA S.A,MATIAS
MOV-01587,Salida,KC24,1,2026-04-10,R/I,SUARES PERIMETRALES (FORD 4000),MATIAS
MOV-01588,Salida,ML3349,1,2026-04-10,,SUARES PERIMETRALES (FORD 4000),MATIAS
MOV-01589,Salida,250041-801,1,2026-04-13,Rº18813,RUKAWE S.A,MATIAS
MOV-01590,Salida,AC763/4,1,2026-04-13,R/I,HILUX GASTON LUNA,
MOV-01591,Salida,AL28/1,1,2026-04-13,,HILUX GASTON LUNA,
MOV-01592,Salida,HLP2206,1,2026-04-13,,HILUX GASTON LUNA,
MOV-01593,Salida,02250215-621,2,,R/I,FIRENZE,DAVID
MOV-01594,Salida,02250127-684,1,,,FIRENZE,DAVID
MOV-01595,Salida,250022-669,1,,,FIRENZE,DAVID
MOV-01596,Salida,88290014-484,2,2026-04-14,Rº18815,AGROIMPERIO S.R.L,MATIAS
MOV-01597,Salida,88290014-485,2,2026-04-14,,AGROIMPERIO S.R.L,MATIAS
MOV-01598,Salida,88290015-567,2,2026-04-14,,AGROIMPERIO S.R.L,MATIAS
MOV-01599,Salida,250032-482,2,2026-04-14,,AGROIMPERIO S.R.L,MATIAS
MOV-01600,Salida,88290017-056,6,2026-04-14,,AGROIMPERIO S.R.L,MATIAS
MOV-01601,Salida,02250193-567,2,2026-04-14,,AGROIMPERIO S.R.L,MATIAS
MOV-01602,Salida,02250193-589,2,2026-04-14,,AGROIMPERIO S.R.L,MATIAS
MOV-01603,Salida,250022-669,1,2026-04-14,Rº18817,ANGEL ESTRADA,MATIAS
MOV-01604,Salida,KX67/2D,1,2026-04-14,R/I,AM CORDOBA,MATIAS
MOV-01605,Salida,OX174D,1,2026-04-14,,AM CORDOBA,MATIAS
MOV-01606,Salida,KC647/1,1,2026-04-14,,AM CORDOBA,MATIAS
MOV-01607,Salida,LXS261,1,2026-04-14,,AM CORDOBA,MATIAS
MOV-01608,Salida,LX1070,1,2026-04-14,,AM CORDOBA,MATIAS
MOV-01609,Salida,HAD-20B,4,2026-04-16,Rº18820,NEUMATICOS DE AVANZADA S.A,MATIAS
MOV-01610,Salida,02250139-995,1,2026-04-17,Rº18821,METALURGICA ROMA S.A,MATIAS
MOV-01611,Salida,02250135-150,1,2026-04-17,,METALURGICA ROMA S.A,MATIAS
MOV-01612,Salida,250022-669,2,2026-04-17,,METALURGICA ROMA S.A,MATIAS
MOV-01613,Salida,250022-669,1,2026-04-17,Rº18823,PORTA HNOS S.A,MATIAS
MOV-01614,Salida,02250137-895,2,2026-04-17,,PORTA HNOS S.A,MATIAS
MOV-01615,Salida,250021-405,1,2026-04-17,Rº18822,VIAL RG S.A,MATIAS
MOV-01616,Salida,1001146963-JLG,1,2026-04-20,Rº18824,GEORGALOS HNOS S.A.I.C.A,MATIAS
MOV-01617,Salida,4460465,1,2026-04-20,Rº18816,INGENIERIA GEMMANO S.A,MATIAS
MOV-01618,Salida,02250215-621,1,2026-04-20,R/I,ORTIZ Y CIA S.A,MATIAS
MOV-01619,Salida,02250155-709,1,2026-04-20,,ORTIZ Y CIA S.A,MATIAS
MOV-01620,Salida,02250127-684,1,2026-04-20,,ORTIZ Y CIA S.A,MATIAS
MOV-01621,Salida,250022-669,1,2026-04-20,,ORTIZ Y CIA S.A,MATIAS
MOV-01622,Salida,02250218-885,2,2026-04-21,Rº18825,ENZO JORGE WILMAR JERKE,MATIAS
MOV-01623,Salida,02250168-084,2,2026-04-21,,ENZO JORGE WILMAR JERKE,MATIAS
MOV-01624,Salida,02250168-053,2,2026-04-21,,ENZO JORGE WILMAR JERKE,MATIAS
MOV-01625,Salida,02250196-470,5,2026-04-21,,ENZO JORGE WILMAR JERKE,MATIAS
MOV-01626,Salida,02250177-150,1,2026-04-21,,ENZO JORGE WILMAR JERKE,MATIAS
MOV-01627,Salida,02250171-245,2,2026-04-21,,ENZO JORGE WILMAR JERKE,MATIAS
MOV-01628,Salida,02250078-204,2,2026-04-21,,ENZO JORGE WILMAR JERKE,MATIAS
MOV-01629,Salida,02250166-220,1,2026-04-21,,ENZO JORGE WILMAR JERKE,MATIAS
MOV-01630,Salida,02250117-782,2,2026-04-21,,ENZO JORGE WILMAR JERKE,MATIAS
MOV-01631,Salida,02250164-206,1,2026-04-21,,ENZO JORGE WILMAR JERKE,MATIAS
MOV-01632,Salida,02250152-671,2,2026-04-21,,ENZO JORGE WILMAR JERKE,MATIAS
MOV-01633,Salida,02250152-635,1,2026-04-21,,ENZO JORGE WILMAR JERKE,MATIAS
MOV-01634,Salida,02250193-572,2,2026-04-21,,ENZO JORGE WILMAR JERKE,MATIAS
MOV-01635,Salida,02250193-594,2,2026-04-21,,ENZO JORGE WILMAR JERKE,MATIAS
MOV-01636,Salida,250034-116,3,2026-04-21,Rº18827,INGERSOLL SERVICIO,MATIAS
MOV-01637,Salida,250042-862,3,2026-04-21,,INGERSOLL SERVICIO,MATIAS
MOV-01638,Salida,250025-525,3,2026-04-21,,INGERSOLL SERVICIO,MATIAS
MOV-01639,Salida,270009-082,3,2026-04-21,,INGERSOLL SERVICIO,MATIAS
MOV-01640,Salida,270009-081,3,2026-04-21,,INGERSOLL SERVICIO,MATIAS
MOV-01641,Salida,02250215-617,1,2026-04-21,,INGERSOLL SERVICIO,MATIAS
MOV-01642,Salida,02250155-709,1,2026-04-21,,INGERSOLL SERVICIO,MATIAS
MOV-01643,Salida,02250125-372,1,2026-04-21,,INGERSOLL SERVICIO,MATIAS
MOV-01644,Salida,250022-669,6,2026-04-21,,INGERSOLL SERVICIO,MATIAS
MOV-01645,Salida,FAC973,1,2026-04-21,R/I,AM CORDOBA AB 187-CM,MATIAS
MOV-01646,Salida,OX174D,1,2026-04-21,,AM CORDOBA AB 187-CM,MATIAS
MOV-01647,Salida,KC647/1,1,2026-04-21,,AM CORDOBA AB 187-CM,MATIAS
MOV-01648,Salida,KX67/2D,1,2026-04-21,,AM CORDOBA AB 187-CM,MATIAS
MOV-01649,Salida,LX2621,1,2026-04-21,,AM CORDOBA AB 187-CM,MATIAS
MOV-01650,Salida,LC1D80F7C,1,2026-04-22,R/I,PLASTICOS BOULEVARES,DAVID
MOV-01651,Salida,02250099-448,1,2026-04-22,R/I,301,DAVID
MOV-01652,Salida,250028-033,1,2026-04-22,,301,DAVID
MOV-01653,Salida,250028-032,1,2026-04-22,,301,DAVID
MOV-01654,Salida,02250111-804,1,2026-04-22,,301,DAVID
MOV-01655,Salida,OC26,1,2026-04-22,,301,DAVID
MOV-01656,Salida,250028-034,1,2026-04-22,,301,DAVID
MOV-01657,Salida,122-0922-ONA,1,2026-04-22,R/I,TORO PUJIO,DAVID
MOV-01658,Salida,FS1275,1,2026-04-22,,TORO PUJIO,DAVID
MOV-01659,Salida,FF5079,1,2026-04-22,,TORO PUJIO,DAVID
MOV-01660,Salida,CC2848,1,2026-04-22,,TORO PUJIO,DAVID
MOV-01661,Salida,88290015-219,2,2026-04-23,Rº18829,SIMON HERMANOS S.A,CRISTIAN
MOV-01662,Salida,02250196-470,2,2026-04-23,Rº18830,PLASTICOS BOULEVARES S.R.L,CRISTIAN
MOV-01663,Salida,250019-453,1,2026-04-21,R/I,DIEGO (VIAJE),DIEGO
MOV-01664,Salida,02250049-634,2,2026-04-21,,DIEGO (VIAJE),DIEGO
MOV-01665,Salida,049905RA,1,2026-04-21,,DIEGO (VIAJE),DIEGO
MOV-01666,Salida,02250078-204,1,2026-04-21,,DIEGO (VIAJE),DIEGO
MOV-01667,Salida,´040649,4,2026-04-21,,DIEGO (VIAJE),DIEGO
MOV-01668,Salida,02250057-036,1,2026-04-23,R/I,FLOTA TALLER,RENE/HUGO
MOV-01669,Salida,ML5052,2,2026-04-23,R/I,FLOTA TALLER 150KVA,RENE/MAXI
MOV-01670,Salida,ML1280,1,2026-04-23,,FLOTA TALLER 150KVA,RENE/MAXI
MOV-01671,Salida,ML3349,1,2026-04-23,,FLOTA TALLER 150KVA,RENE/MAXI
MOV-01672,Salida,702354JLG,1,2026-04-24,Rº18826,INTERFILE S.A,MATIAS
MOV-01673,Salida,88290017-056,3,2026-04-24,Rº18834,OLIVICOLA AGROINDUSTRIAL DON SALIM S.R.L,MATIAS
MOV-01674,Salida,88290014-484,1,2026-04-27,Rº18833,PILCA S.A,MATIAS
MOV-01675,Salida,02250193-572,1,2026-04-28,Rº18836,POLIFILM S.A,MATIAS
MOV-01676,Salida,02250193-594,1,2026-04-28,,POLIFILM S.A,MATIAS
MOV-01677,Salida,88290014-485,1,2026-04-28,Rº18835,CORBLOK S.A.I.C,MATIAS
MOV-01678,Salida,88290014-484,1,2026-04-28,,CORBLOK S.A.I.C,MATIAS
MOV-01679,Salida,88290015-567,1,2026-04-28,,CORBLOK S.A.I.C,MATIAS
MOV-01680,Salida,022501193-591,1,2026-04-28,Rº18838,SERVAGROP HDO S.A,CRISTIAN
MOV-01681,Salida,88290015-049,2,2026-04-28,,SERVAGROP HDO S.A,CRISTIAN
MOV-01682,Salida,02250100-755,1,2026-04-28,,SERVAGROP HDO S.A,CRISTIAN
MOV-01683,Salida,250032-482,1,2026-04-28,Rº18837,GRUPO FJS INDUSTRIAL,MATIAS
MOV-01684,Salida,406631,1,2026-04-28,R/I,SOLIND,JUAN
MOV-01685,Salida,1001186466,1,2026-04-28,R/I,VENEZIANA,DAVID
MOV-01686,Salida,LF3349,1,2026-04-29,R/I,CLARO,JUAN
MOV-01687,Salida,FF5052,1,2026-04-29,,CLARO,JUAN
MOV-01688,Salida,FS1280,1,2026-04-29,,CLARO,JUAN
MOV-01689,Salida,AF1638,1,2026-04-29,,CLARO,JUAN
MOV-01690,Salida,250025-525,1,2026-04-29,R/I,ELPRA,RENE
MOV-01691,Salida,40146,2,2026-04-29,,ELPRA,RENE
MOV-01692,Salida,02250137-895,1,2026-04-29,,ELPRA,RENE
MOV-01693,Salida,02250057-036,1,2026-04-29,,ELPRA,RENE
MOV-01694,Salida,OC47,1,2026-04-29,R/I,SANTINO,SANTINO
MOV-01695,Salida,C1140,1,2026-04-30,R/I,ALKA,DAVID
MOV-01696,Salida,02250057-036,1,2026-04-30,Rº18840,MAGLIONE HNOS Y CIA S.A,MATIAS
MOV-01697,Salida,02250137-895,1,2026-04-30,,MAGLIONE HNOS Y CIA S.A,MATIAS
MOV-01698,Salida,250025-525,1,2026-04-30,,MAGLIONE HNOS Y CIA S.A,MATIAS
MOV-01699,Salida,040899RA,1,2026-04-30,,MAGLIONE HNOS Y CIA S.A,MATIAS
MOV-01700,Salida,45672,1,2026-04-30,,MAGLIONE HNOS Y CIA S.A,MATIAS
MOV-01701,Salida,02250215-621,2,2026-04-30,,MAGLIONE HNOS Y CIA S.A,MATIAS
MOV-01702,Salida,02250155-709,2,2026-04-30,,MAGLIONE HNOS Y CIA S.A,MATIAS
MOV-01703,Salida,02250127-684,2,2026-04-30,,MAGLIONE HNOS Y CIA S.A,MATIAS
MOV-01704,Salida,250022-669,3,2026-04-30,,MAGLIONE HNOS Y CIA S.A,MATIAS
MOV-01705,Salida,02250193-567,1,2026-05-04,Rº18843,INDUCON ARGENTINA S.A,CRISTIAN
MOV-01706,Salida,02250193-589,1,2026-05-04,,INDUCON ARGENTINA S.A,CRISTIAN
MOV-01707,Salida,02250097-349,1,2026-05-05,Rº18844,BIOETANOL RIO CUARTO S.A,MATIAS
MOV-01708,Salida,270009-082 (EF441),3,2026-05-05,Rº18845,SERVAGROP HDO S.A,MATIAS
MOV-01709,Salida,405158RA,2,2026-05-05,R°18849,FUNDARG S.R.L,CRISTIAN
MOV-01710,Salida,011579RA,1,2026-05-05,,FUNDARG S.R.L,CRISTIAN
MOV-01711,Salida,02250137-895,1,2026-05-06,R/I,COTAHUA,DAMIAN
MOV-01712,Salida,250025-525,1,2026-05-06,,COTAHUA,DAMIAN
MOV-01713,Salida,40899,1,2026-05-06,,COTAHUA,DAMIAN
MOV-01714,Salida,250032-482,2,2026-05-06,,COTAHUA,DAMIAN
MOV-01715,Salida,88290014-485,1,2026-05-06,R/I,DVR (GARANTIA),MANUEL
MOV-01716,Salida,02250176-856,1,2026-05-06,R/I,DVR,DIEGO
MOV-01717,Salida,02250155-709,1,2026-05-06,R°18853,MOLINOS FENIX S.A,MATIAS
MOV-01718,Salida,02250127-684,1,2026-05-06,,MOLINOS FENIX S.A,MATIAS
MOV-01719,Salida,0140-4088,1,2026-05-06,R°18854,LACTEOS TORO PUJIO S.A,MATIAS
MOV-01720,Salida,02250223-411,1,2026-05-06,R°18848,CAMINO DE LAS SIERRAS S.A,MATIAS
MOV-01721,Salida,02250220-866,1,2026-05-06,,CAMINO DE LAS SIERRAS S.A,MATIAS
MOV-01722,Salida,KC647D,1,2026-05-07,R/I,MUNI MALAGUEÑO AD019 EG,MATIAS
MOV-01723,Salida,OC502,1,2026-05-07,,MUNI MALAGUEÑO AD019 EG,MATIAS
MOV-01724,Salida,KC188,1,2026-05-07,,MUNI MALAGUEÑO AD019 EG,MATIAS
MOV-01725,Salida,AL12,1,2026-05-07,,MUNI MALAGUEÑO AD019 EG,MATIAS
MOV-01726,Salida,LXS-261,1,2026-05-07,,MUNI MALAGUEÑO AD019 EG,MATIAS
MOV-01727,Salida,LX1070,1,2026-05-07,,MUNI MALAGUEÑO AD019 EG,MATIAS
MOV-01728,Salida,02250196-470,2,2026-05-07,R°18858,PLASTICOS BOULEVARES S.R.L,CRISTIAN
MOV-01729,Salida,250019-453,2,2026-05-07,R°18857,MACOSER S.A,MATIAS
MOV-01730,Salida,040899RA,2,2026-05-07,,MACOSER S.A,MATIAS
MOV-01731,Salida,88290014-484,1,2026-05-08,R°18859,MANIAGRO,CRISTIAN
MOV-01732,Salida,88290014-485,1,2026-05-08,,MANIAGRO,CRISTIAN
MOV-01733,Salida,88290015-567,1,2026-05-08,,MANIAGRO,CRISTIAN
MOV-01734,Salida,250032-482,1,2026-05-08,,MANIAGRO,CRISTIAN
MOV-01735,Salida,02250215-617,1,2026-05-11,R/I,VULCANO SERV,DAVID
MOV-01736,Salida,02250155-709,1,2026-05-11,,VULCANO SERV,DAVID
MOV-01737,Salida,02250168-084,1,2026-05-11,,VULCANO SERV,DAVID
MOV-01738,Salida,02250125-372,1,2026-05-11,,VULCANO SERV,DAVID
MOV-01739,Salida,02250218-885,1,2026-05-11,,VULCANO SERV,DAVID
MOV-01740,Salida,02250168-053,1,2026-05-11,,VULCANO SERV,DAVID
MOV-01741,Salida,250022-669,2,2026-05-11,,VULCANO SERV,DAVID
MOV-01742,Salida,88290014-484,1,2026-05-11,R/I,ALICAN SERV,DAVID
MOV-01743,Salida,88290015-567,1,2026-05-11,,ALICAN SERV,DAVID
MOV-01744,Salida,02250193-589,1,2026-05-11,,ALICAN SERV,DAVID
MOV-01745,Salida,02250193-567,1,2026-05-11,,ALICAN SERV,DAVID
MOV-01746,Salida,88290014-485,1,2026-05-11,,ALICAN SERV,DAVID
MOV-01747,Salida,88290014-902,3,2026-05-11,,ALICAN SERV,DAVID
MOV-01748,Salida,250032-482,1,2026-05-11,,ALICAN SERV,DAVID
MOV-01749,Salida,02250215-621,2,2026-05-12,Rº18861,COTAGRO,MATIAS
MOV-01750,Salida,02250127-684,6,2026-05-12,,COTAGRO,MATIAS
MOV-01751,Salida,02250155-709,10,2026-05-12,,COTAGRO,MATIAS
MOV-01752,Salida,02250117-782,2,2026-05-12,,COTAGRO,MATIAS
MOV-01753,Salida,02250152-670,1,2026-05-12,,COTAGRO,MATIAS
MOV-01754,Salida,02250152-678,1,2026-05-12,,COTAGRO,MATIAS
MOV-01755,Salida,250019-453,2,2026-05-12,,COTAGRO,MATIAS
MOV-01756,Salida,02250215-617,2,2026-05-12,,COTAGRO,MATIAS
MOV-01757,Salida,02250125-372,4,2026-05-12,,COTAGRO,MATIAS
MOV-01758,Salida,02250152-669,1,2026-05-12,,COTAGRO,MATIAS
MOV-01759,Salida,02250193-591,1,2026-05-12,,COTAGRO,MATIAS
MOV-01760,Salida,02250193-569,1,2026-05-12,,COTAGRO,MATIAS
MOV-01761,Salida,88290015-567,2,2026-05-12,,COTAGRO,MATIAS
MOV-01762,Salida,88290014-485,4,2026-05-12,,COTAGRO,MATIAS
MOV-01763,Salida,88290014-484,4,2026-05-12,,COTAGRO,MATIAS
MOV-01764,Salida,88290015-219,1,2026-05-12,Rº18862,CORBLOK S.A.I.C,CRISTIAN
MOV-01765,Salida,02250155-709,1,2026-05-12,Rº18863,SORIANO HNOS S.A,CRISTIAN
MOV-01766,Salida,250022-669,1,2026-05-12,,SORIANO HNOS S.A,CRISTIAN
MOV-01767,Salida,250018-551,1,2026-05-12,,SORIANO HNOS S.A,CRISTIAN
MOV-01768,Salida,40588,1,2026-05-12,R°18864,A.PE.S.A,MATIAS
MOV-01769,Salida,ML1280,1,2026-05-12,R/I,FLOTA TALLER,MATIAS
MOV-01770,Salida,ML5052,1,2026-05-12,,FLOTA TALLER,MATIAS
MOV-01771,Salida,02250155-709,2,2026-05-12,R°18865,MASTIL,GABRIEL
MOV-01772,Salida,02250057-036,1,2026-05-12,,MASTIL,GABRIEL
MOV-01773,Salida,02250057-036,1,2026-05-12,,MASTIL,GABRIEL
MOV-01774,Salida,02250152-669,1,2026-05-12,,MASTIL,GABRIEL
MOV-01775,Salida,02250152-677,1,2026-05-12,,MASTIL,GABRIEL
MOV-01776,Salida,02250125-372,3,2026-05-12,,MASTIL,GABRIEL
MOV-01777,Salida,02250215-617,1,2026-05-12,,MASTIL,GABRIEL
MOV-01778,Salida,250025-526,1,2026-05-12,R/I,LACTEOS LA RAMADA,GABRIEL
MOV-01779,Salida,´000098,1,2026-05-12,,LACTEOS LA RAMADA,GABRIEL
MOV-01780,Salida,250034-116,1,2026-05-12,,LACTEOS LA RAMADA,GABRIEL
MOV-01781,Salida,250042-862,1,2026-05-12,,LACTEOS LA RAMADA,GABRIEL
MOV-01782,Salida,02250215-621,1,2026-05-12,R/I,LA CUMBRECITA,GABRIEL
MOV-01783,Salida,02250155-709,1,2026-05-12,,LA CUMBRECITA,GABRIEL
MOV-01784,Salida,02250127-684,1,2026-05-12,,LA CUMBRECITA,GABRIEL
MOV-01785,Salida,250022-669,1,2026-05-12,,LA CUMBRECITA,GABRIEL
MOV-01786,Salida,C1250,2,2026-05-13,R/I,MINERAR,DAVID
MOV-01787,Salida,C1140,2,2026-05-13,,MINERAR,DAVID
MOV-01788,Salida,KB8220,2,2026-05-13,,MINERAR,DAVID
MOV-01789,Salida,W719,2,2026-05-13,,MINERAR,DAVID
MOV-01790,Salida,250024-272,1,2026-05-14,Rº18866,VIAL RG S.A,MATIAS
MOV-01791,Salida,V720,1,2026-05-14,R/I,FLOTA TALLER,MANUEL
MOV-01792,Salida,ML3349,1,2026-05-14,,FLOTA TALLER,MANUEL
MOV-01793,Salida,FF202-FLE,6,2026-05-15,Rº18869,EMBOTELLADORA DEL ATLANTICO S.A,MATIAS
MOV-01794,Salida,WF2073-FLE,3,2026-05-15,,EMBOTELLADORA DEL ATLANTICO S.A,MATIAS
MOV-01795,Salida,LF670-FLE,12,2026-05-15,,EMBOTELLADORA DEL ATLANTICO S.A,MATIAS
MOV-01796,Salida,AH1135-FLE,6,2026-05-15,Rº18870,EMBOTELLADORA DEL ATLANTICO S.A,MATIAS
MOV-01797,Salida,KC440,1,2026-05-15,R/I,CAMION MUNI MALAG,CRISTRIAN CERVENI
MOV-01798,Salida,LB283,1,2026-05-15,,CAMION MUNI MALAG,CRISTRIAN CERVENI
MOV-01799,Salida,KC647,1,2026-05-15,,CAMION MUNI MALAG,CRISTRIAN CERVENI
MOV-01800,Salida,LXS261,1,2026-05-15,,CAMION MUNI MALAG,CRISTRIAN CERVENI
MOV-01801,Salida,AL12,1,2026-05-15,,CAMION MUNI MALAG,CRISTRIAN CERVENI
MOV-01802,Salida,LX1070,1,2026-05-15,,CAMION MUNI MALAG,CRISTRIAN CERVENI
MOV-01803,Salida,SB521,1,2026-05-15,R/I,PROSHALE,DAVID
MOV-01804,Salida,C1250,1,2026-05-15,,PROSHALE,DAVID
MOV-01805,Salida,C1140,1,2026-05-15,,PROSHALE,DAVID
MOV-01806,Salida,C1360,1,2026-05-15,,PROSHALE,DAVID
MOV-01807,Salida,ACEITE MV46,1,2026-05-15,,PROSHALE,DAVID
MOV-01808,Salida,02250168-084,1,2026-05-15,R/I,NEUMATICA DE  AVANZADA,DAVID
MOV-01809,Salida,02250168-053,1,2026-05-15,,NEUMATICA DE  AVANZADA,DAVID
MOV-01810,Salida,250032-482,1,2026-05-15,,NEUMATICA DE  AVANZADA,DAVID
MOV-01811,Salida,02250215-617,1,2026-05-15,R/I,Nucleoelectrica,JUAN
MOV-01812,Salida,02250155-709,1,2026-05-15,,Nucleoelectrica,JUAN
MOV-01813,Salida,02250125-372,1,2026-05-15,,Nucleoelectrica,JUAN
MOV-01814,Salida,250032-482,2,2026-05-15,,Nucleoelectrica,JUAN
MOV-01815,Salida,KL238/D,1,2026-05-18,R/I,ALICIA (SERV),MATIAS
MOV-01816,Salida,OX175D,1,2026-05-18,,ALICIA (SERV),MATIAS
MOV-01817,Salida,LX5208,1,2026-05-18,,ALICIA (SERV),MATIAS
MOV-01818,Salida,HD 932-2 X,1,2026-05-18,R/I,CAMION MUNI MALAG,MATIAS
MOV-01819,Salida,7021581,2,2026-05-18,Rº18871,SOGEFI SUSPENSION ARGENTINA,CRISTIAN
MOV-01820,Salida,4460467-JLG,2,2026-05-18,Rº18873,INGENIERIA GEMANO,CRISTIAN
MOV-01821,Salida,270009-081,3,2026-05-19,Rº18872,SERVAGROP HDO S.A,MATIAS
MOV-01822,Salida,02250215-621,1,2026-05-19,,SERVAGROP HDO S.A,MATIAS
MOV-01823,Salida,88290017-056,3,2026-05-19,R/I,ALICAN SERV,MATIAS
MOV-01824,Salida,88290015-219,1,2026-05-19,R/I,METALURGICA ORTIZ,DAVID
MOV-01825,Salida,250022-669,10,2026-05-19,Rº18874,COLORTEX S.A,MATIAS
MOV-01826,Salida,02250139-995,2,2026-05-19,,COLORTEX S.A,MATIAS
MOV-01827,Salida,02250175-062,1,2026-05-19,,COLORTEX S.A,MATIAS
MOV-01828,Salida,02250175-063,1,2026-05-19,,COLORTEX S.A,MATIAS
MOV-01829,Salida,02250117-782,1,2026-05-19,,COLORTEX S.A,MATIAS
MOV-01830,Salida,1002-4663,1,2026-05-19,,COLORTEX S.A,MATIAS
MOV-01831,Salida,02250164-206,1,2026-05-20,Rº18875,ENZO JORGE WILMAR JERKE,MATIAS
MOV-01832,Salida,02250152-635,1,2026-05-20,,ENZO JORGE WILMAR JERKE,MATIAS
MOV-01833,Salida,AC-19080,1,2026-05-20,R/I,MUNI MALAGUEÑO KIA,MATIAS
MOV-01834,Salida,ML5052,2,2026-05-21,R/I,MINERAR,DAVID
MOV-01835,Salida,ML1280,1,2026-05-21,,MINERAR,DAVID
MOV-01836,Salida,LF3345,1,2026-05-21,,MINERAR,DAVID
MOV-01837,Salida,LB962,1,2026-05-21,,MINERAR,DAVID
MOV-01838,Salida,FF5421,1,2026-05-21,R/I,AM CORDOBA PRENSA,CRISTIAN
MOV-01839,Salida,LF3970,1,2026-05-21,,AM CORDOBA PRENSA,CRISTIAN
MOV-01840,Salida,FS19732,1,2026-05-21,,AM CORDOBA PRENSA,CRISTIAN
MOV-01841,Salida,V720,1,2026-05-21,,AM CORDOBA PRENSA,CRISTIAN
MOV-01842,Salida,V719,1,2026-05-21,,AM CORDOBA PRENSA,CRISTIAN
MOV-01843,Salida,250025-526,1,2026-05-22,R/I,BENITO ROGGIO,DAVID
MOV-01844,Salida,EF-443,1,2026-05-22,,BENITO ROGGIO,DAVID
MOV-01845,Salida,EF-436,1,2026-05-22,,BENITO ROGGIO,DAVID
MOV-01846,Salida,02250100-755,1,2026-05-22,,BENITO ROGGIO,DAVID
MOV-01847,Salida,02250100-756,1,2026-05-22,,BENITO ROGGIO,DAVID
MOV-01848,Salida,250022-669,2,2026-05-22,,BENITO ROGGIO,DAVID
MOV-01849,Salida,FILTRO HAB,2,2026-05-22,R/I,FLOTA NVQ694  -   NVQ684,MATIAS
MOV-01850,Salida,KX268/D,2,2026-05-22,,FLOTA NVQ694  -   NVQ685,MATIAS
MOV-01851,Salida,OC988,2,2026-05-22,,FLOTA NVQ694  -   NVQ686,MATIAS
MOV-01852,Salida,AA1127,2,2026-05-22,,FLOTA NVQ694  -   NVQ687,MATIAS
MOV-01853,Salida,A41018,2,2026-05-22,R°18877,SC CONSTRUCCIONES S.R.L,MATIAS
MOV-01854,Salida,02250194-968,1,2026-05-26,R°18878,SORIANO HNOS S.A,MATIAS
MOV-01855,Salida,OX171/2D,1,2026-05-26,R/I,MUNI MALAG. BERLINGO,MATIAS
MOV-01856,Salida,MR406,1,2026-05-27,R/I,MUNI MALAG.,MATIAS
MOV-01857,Salida,MDH366,1,2026-05-27,,MUNI MALAG.,MATIAS
MOV-01858,Salida,AL97,1,2026-05-27,,MUNI MALAG.,MATIAS
MOV-01859,Salida,KL583,1,2026-05-27,,MUNI MALAG.,MATIAS
MOV-01860,Salida,0400215-JLG,8,2026-05-27,R/I,ABACC,MATIAS
MOV-01861,Salida,88290014-484,1,2026-05-29,R/I,RENE SHOPTEK,DAVID
MOV-01862,Salida,88290015-049,1,2026-05-29,,RENE SHOPTEK,DAVID
MOV-01863,Salida,88290014-486,1,2026-05-29,,RENE SHOPTEK,DAVID
MOV-01864,Salida,HF6182,2,2026-05-28,R/I,AM CORDOBA PRENSA,MATIAS
MOV-01865,Salida,OC988,1,2026-05-29,R/I,FLOTA TALLER,MATIAS
MOV-01866,Salida,AA1127,1,2026-05-29,,FLOTA TALLER,MATIAS
MOV-01867,Salida,FILTRO HAB,1,2026-05-29,,FLOTA TALLER,MATIAS
MOV-01868,Salida,KX268D,1,2026-05-29,,FLOTA TALLER,MATIAS
MOV-01869,Salida,250034-112,1,2026-06-01,Rº18876,AGD,MATIAS
MOV-01870,Salida,02250102-158,2,2026-06-01,,AGD,MATIAS
MOV-01871,Salida,02250102-160,2,2026-06-01,,AGD,MATIAS
MOV-01872,Salida,270016-627,1,2026-06-01,,AGD,MATIAS
MOV-01873,Salida,270016-419,1,2026-06-01,,AGD,MATIAS
MOV-01874,Salida,500801-038,20,2026-06-01,,AGD,MATIAS
MOV-01875,Salida,CC2848,1,2026-06-01,,AGD,MATIAS
MOV-01876,Salida,S00801-048,12,2026-06-01,,AGD,MATIAS
MOV-01877,Salida,250028-032,1,2026-06-01,,AGD,MATIAS
MOV-01878,Salida,C1140,1,2026-06-01,R/I,GALLARA,DAVID
MOV-01879,Salida,KB8220,1,2026-06-01,,GALLARA,DAVID
MOV-01880,Salida,W719,1,2026-06-01,,GALLARA,DAVID
MOV-01881,Salida,02250155-709,2,2026-06-02,R°18882,COTAGRO COOP AGR LTDA,MANUEL
MOV-01882,Salida,LF3000,1,2026-06-02,R/I,AM CORDOBA CAMION VW,MATIAS
MOV-01883,Salida,ML1212,1,2026-06-02,,AM CORDOBA CAMION VW,MATIAS
MOV-01884,Salida,ML5052,1,2026-06-02,,AM CORDOBA CAMION VW,MATIAS
MOV-01885,Salida,WF2071,1,2026-06-02,,AM CORDOBA CAMION VW,MATIAS
MOV-01886,Salida,LXS260,1,2026-06-02,,AM CORDOBA CAMION VW,MATIAS
MOV-01887,Salida,LX1056,1,2026-06-02,,AM CORDOBA CAMION VW,MATIAS
MOV-01888,Salida,OX339/2D,1,2026-06-02,R/I,FLOTA TALLER,MATIAS
MOV-01889,Salida,FF5052,1,2026-06-03,R/I,CLARO,
MOV-01890,Salida,LF3349,1,2026-06-03,,CLARO,
MOV-01891,Salida,FS1280,1,2026-06-03,,CLARO,
MOV-01892,Salida,AF1855,1,2026-06-03,,CLARO,
MOV-01893,Salida,Z5158,1,2026-06-03,R/I,SANTIAGO,ALEJO
MOV-01894,Salida,LC1D8,1,2026-06-04,R/I,BENITO ROGGIO,MANUEL
MOV-01895,Salida,02250168-084,1,2026-06-05,Rº18887,PABLO FEDERICO HIJOS S.A,MATIAS
MOV-01896,Salida,02250168-053,1,2026-06-05,,PABLO FEDERICO HIJOS S.A,MATIAS
MOV-01897,Salida,02250218-885,1,2026-06-05,,PABLO FEDERICO HIJOS S.A,MATIAS
MOV-01898,Salida,250022-669,1,2026-06-05,,PABLO FEDERICO HIJOS S.A,MATIAS
MOV-01899,Salida,040899RA,2,2026-06-05,,PABLO FEDERICO HIJOS S.A,MATIAS
MOV-01900,Salida,A41018,8,2026-06-05,Rº18889,S.C CONSTRUCCIONES S.R.L,MATIAS
MOV-01901,Salida,02250152-670,1,2026-06-09,Rº18884,LORENZATI RUETSCH Y  CIA S.A,MATIAS
MOV-01902,Salida,02250152-678,1,2026-06-09,,LORENZATI RUETSCH Y  CIA S.A,MATIAS
MOV-01903,Salida,02250092-081,1,2026-06-09,,LORENZATI RUETSCH Y  CIA S.A,MATIAS
MOV-01904,Salida,02250209-667,1,2026-06-09,,LORENZATI RUETSCH Y  CIA S.A,MATIAS
MOV-01905,Salida,02250209-582,1,2026-06-09,Rº18892,LORENZATI RUETSCH Y  CIA S.A,MATIAS
MOV-01906,Salida,02250057-036,1,2026-06-09,Rº18885,LORENZATI RUETSCH Y  CIA S.A,MATIAS
MOV-01907,Salida,02250193-591,1,2026-06-09,Rº18888,LORENZATI RUETSCH Y  CIA S.A,MATIAS
MOV-01908,Salida,02250193-558,1,2026-06-09,,LORENZATI RUETSCH Y  CIA S.A,MATIAS
MOV-01909,Salida,02250196-470,1,2026-06-10,Rº18893,PLASTICOS BOULEVARES S.R.L,CRISTIAN
MOV-01910,Salida,270008-586,1,2026-06-10,Rº18891,REFINERIA DEL CENTRO S.A,CRISTIAN
MOV-01911,Salida,408893,2,2026-06-10,,REFINERIA DEL CENTRO S.A,CRISTIAN
MOV-01912,Salida,250017-280,1,2026-06-10,,REFINERIA DEL CENTRO S.A,CRISTIAN
MOV-01913,Salida,ML5052,3,2026-06-10,R/I,MINERAR,DAVID
MOV-01914,Salida,ML1280,1,2026-06-10,,MINERAR,DAVID
MOV-01915,Salida,ML3349,1,2026-06-10,,MINERAR,DAVID
MOV-01916,Salida,AL19,1,2026-06-10,,MINERAR,DAVID
MOV-01917,Salida,40KVA,1,2026-06-10,,MINERAR,DAVID
MOV-01918,Salida,3063506,1,2026-06-10,R/I,AGROMETAL SOC. ANONIMA INDUSTRIAL,
MOV-01919,Salida,02250168-084,1,2026-06-10,R/I,FRIGORIFICO CORONEL MOLDE,DAVID
MOV-01920,Salida,02250218-885,1,2026-06-10,,FRIGORIFICO CORONEL MOLDE,DAVID
MOV-01921,Salida,02250168-053,1,2026-06-10,,FRIGORIFICO CORONEL MOLDE,DAVID
MOV-01922,Salida,250022-669,1,2026-06-10,,FRIGORIFICO CORONEL MOLDE,DAVID
MOV-01923,Salida,250022-669,1,2026-06-11,Rº18896,FUNDICION COLDEN S.A,CRISTIAN
MOV-01924,Salida,42582,1,2026-06-12,R/I,FUNDICION ARIENTE,DAVID
MOV-01925,Salida,270001-030,1,2026-06-12,,FUNDICION ARIENTE,DAVID
MOV-01926,Salida,02250100-042,1,2026-06-12,,FUNDICION ARIENTE,DAVID
MOV-01927,Salida,250025-526,1,2026-06-12,,FUNDICION ARIENTE,DAVID
MOV-01928,Salida,´000098,1,2026-06-12,,FUNDICION ARIENTE,DAVID
MOV-01929,Salida,LF3325,6,2026-06-12,Rº18897,ACEITERA GENERAL DEHEZA S.A,CRISTIAN
MOV-01930,Salida,02250057-036,1,2026-06-12,R/I,CORBLOCK,DIEGO
MOV-01931,Salida,250022-669,2,2026-06-16,Rº18900,AGROACEITUNERA S.A,CRISTIAN
MOV-01932,Salida,02250155-174,1,2026-06-16,R/I,EMPOLEX,DIEGO
MOV-01933,Salida,88290014-514,1,2026-06-16,,EMPOLEX,DIEGO
MOV-01934,Salida,250022-669,1,2026-06-16,Rº18901,LACTEOS LA RAMADA S.A,CLIENTE
MOV-01935,Salida,250034-116,2,2026-06-16,R/I,HIJOS DE SALVADOR MUÑOZ,DIEGO
MOV-01936,Salida,250025-525,1,2026-06-16,,HIJOS DE SALVADOR MUÑOZ,DIEGO
MOV-01937,Salida,040899RA,1,2026-06-16,,HIJOS DE SALVADOR MUÑOZ,DIEGO
MOV-01938,Salida,250042-862,1,2026-06-16,,HIJOS DE SALVADOR MUÑOZ,DIEGO
MOV-01939,Salida,250025-526,1,2026-06-16,,HIJOS DE SALVADOR MUÑOZ,DIEGO
MOV-01940,Salida,´000098,1,2026-06-16,,HIJOS DE SALVADOR MUÑOZ,DIEGO
MOV-01941,Salida,250032-482,1,2026-06-17,Rº18903,CUATRO ASES S. A,CRISTIAN
MOV-01942,Salida,02250215-617,1,2026-06-17,Rº18904,GERULA S.A,CRISTIAN
MOV-01943,Salida,250025-526,4,2026-06-18,,F2J Techplast,MATIAS
MOV-01944,Salida,270009-082,1,2026-06-18,,F2J Techplast,MATIAS
MOV-01945,Salida,270009-081,1,2026-06-18,,F2J Techplast,MATIAS
MOV-01946,Salida,`000098,4,2026-06-18,,F2J Techplast,MATIAS
MOV-01947,Salida,02250135-155,1,2026-06-18,,F2J Techplast,MATIAS
MOV-01948,Salida,250034-085,1,2026-06-18,,F2J Techplast,MATIAS
MOV-01949,Salida,02250145-897,1,2026-06-18,,F2J Techplast,MATIAS
MOV-01950,Salida,250022-670,1,2026-06-18,,F2J Techplast,MATIAS
MOV-01951,Salida,42988,1,2026-06-19,R/I,FUNDICION ARIENTE,DAVID
MOV-01952,Salida,88290014-485,1,2026-06-19,R/I,INFAS,DAVID
MOV-01953,Salida,88290014-484,1,2026-06-19,,INFAS,DAVID
MOV-01954,Salida,40649,4,2026-06-19,R°18907,INGERSOLL ARG S.A,MATIAS
MOV-01955,Salida,250022-669,1,2026-06-19,,INGERSOLL ARG S.A,MATIAS
MOV-01956,Salida,250005-185,1,2026-06-19,R/I,HIJOS DE SALVADOR MUÑOZ,DIEGO
MOV-01957,Salida,02250136-694,1,2026-06-19,,HIJOS DE SALVADOR MUÑOZ,DIEGO
MOV-01958,Salida,02250049-634,1,2026-06-19,,HIJOS DE SALVADOR MUÑOZ,DIEGO
MOV-01959,Salida,HAD20B,6,2026-06-18,R°18906,HIJOS DE SALVADOR MUÑOZ,MANUEL
MOV-01960,Salida,02250057-030,1,2026-06-22,R/I,CORBLOCK,HUGO
MOV-01961,Salida,02250139-995,1,2026-06-23,R°18910,METALURGICA ROMA S.A,CRISTIAN
MOV-01962,Salida,MR299,1,2026-06-23,R/I,MUNICIPALIDAD DE MALAGUEÑO,RENE
MOV-01963,Salida,C-70130,1,2026-06-23,,MUNICIPALIDAD DE MALAGUEÑO,RENE
MOV-01964,Salida,FF-02FI,1,2026-06-23,,MUNICIPALIDAD DE MALAGUEÑO,RENE
MOV-01965,Salida,MDH308,1,2026-06-23,,MUNICIPALIDAD DE MALAGUEÑO,RENE
MOV-01966,Salida,LF3349,1,2026-06-24,R/I,CLARO,PEDRO
MOV-01967,Salida,FF5052,1,2026-06-24,,CLARO,PEDRO
MOV-01968,Salida,FS1280,1,2026-06-24,,CLARO,PEDRO
MOV-01969,Salida,AF-1855,1,2026-06-24,,CLARO,PEDRO
MOV-01970,Salida,250025-526,1,2026-06-24,R°18912,CAPYC COOP LTAD,DAVID
MOV-01971,Salida,250025-526,1,2026-06-24,,CAPYC COOP LTAD,DAVID
MOV-01972,Salida,02250175-062,1,2026-06-24,,CAPYC COOP LTAD,DAVID
MOV-01973,Salida,02250175-063,1,2026-06-24,,CAPYC COOP LTAD,DAVID
MOV-01974,Salida,02250100-755,1,2026-06-24,,CAPYC COOP LTAD,DAVID
MOV-01975,Salida,02250100-756,1,2026-06-24,,CAPYC COOP LTAD,DAVID
MOV-01976,Salida,270009-102,1,2026-06-24,,CAPYC COOP LTAD,DAVID
MOV-01977,Salida,270009-103,1,2026-06-24,,CAPYC COOP LTAD,DAVID
MOV-01978,Salida,02250196-470,2,2026-06-24,,CAPYC COOP LTAD,DAVID
MOV-01979,Salida,02250194-972,1,2026-06-24,,CAPYC COOP LTAD,DAVID
MOV-01980,Salida,02250194-973,1,2026-06-24,,CAPYC COOP LTAD,DAVID
MOV-01981,Salida,02250215-617,1,2026-06-25,R°18913,PRODISMO S.R.L,MATIAS
MOV-01982,Salida,02250155-709,2,2026-06-25,,PRODISMO S.R.L,MATIAS
MOV-01983,Salida,02250152-670,1,2026-06-25,,PRODISMO S.R.L,MATIAS
MOV-01984,Salida,HAD-20B,2,2026-06-25,R/I,RENE,RENE
MOV-01985,Salida,02250105-553,1,2026-06-25,R°18914,VIALCAM S.A,CRISTIAN
MOV-01986,Salida,KX24,1,2026-06-26,R/I,BASE MAC,MATIAS
MOV-01987,Salida,´004060,2,2026-06-26,,BASE MAC,MATIAS
MOV-01988,Salida,02250215-617,1,2026-06-26,R°18915,CORBLOCK,CRISTIAN
MOV-01989,Salida,88290014-485,4,2026-06-26,R°18916,KATHE S.A,CRISTIAN
MOV-01990,Salida,02250152-669,1,2026-06-26,R/I,PRIMER PREMIO (TALLER),MATIAS
MOV-01991,Salida,8223054,1,2026-06-26,R°18918,VILLAREAL CARLOS MATIAS,CRISTIAN
MOV-01992,Salida,´045673,1,2026-06-29,R°18922,FUNDICION COLDEN S.A,MATIAS
MOV-01993,Salida,02250151-492,1,2026-06-29,R°18920,TRES EME S.A,MATIAS
MOV-01994,Salida,02250127-684,1,2026-06-29,,TRES EME S.A,MATIAS
MOV-01995,Salida,02250155-709,1,2026-06-29,,TRES EME S.A,MATIAS
MOV-01996,Salida,88290014-484,4,2026-06-29,R°18921,SERVAGROP HDO S.A,MATIAS
MOV-01997,Salida,02250127-684,2,2026-06-29,,SERVAGROP HDO S.A,MATIAS
MOV-01998,Salida,´042582,1,2026-06-29,R°18917,CANTERAS SAN AGUSTIN S.R.L,MATIAS
MOV-01999,Salida,02250078-031,1,2026-06-30,R/I,ABSING (TALLER),MATIAS
MOV-02000,Salida,250028-032,1,2026-06-30,,ABSING (TALLER),MATIAS
MOV-02001,Salida,WF2076,2,2026-07-02,R/I,FARGO,DAVID
MOV-02002,Salida,LF3325,5,2026-07-02,,FARGO,DAVID
MOV-02003,Salida,AF25278,2,2026-07-02,,FARGO,DAVID
MOV-02004,Salida,FS1006,2,2026-07-02,,FARGO,DAVID
MOV-02005,Salida,CC2848,11,2026-07-02,,FARGO,DAVID
MOV-02006,Salida,LF777,2,2026-07-02,,FARGO,DAVID
MOV-02007,Salida,FS1242,1,2026-07-02,,FARGO,DAVID
MOV-02008,Salida,FS1015,1,2026-07-02,,FARGO,DAVID
MOV-02009,Salida,FF202,2,2026-07-02,,FARGO,DAVID
MOV-02010,Salida,250032-482,1,2026-07-02,Rº18924,LUMETAL S.R.L,MATIAS
MOV-02011,Salida,02250127-684,2,2026-07-02,Rº18925,SERVAGROP HDO S.A,MATIAS
MOV-02012,Salida,KX268D,1,2026-07-02,R/I,FLOTA LOZ471,MATIAS
MOV-02013,Salida,OC988,1,2026-07-02,,FLOTA LOZ472,MATIAS
MOV-02014,Salida,FILTRO HAB,1,2026-07-02,,FLOTA LOZ473,MATIAS
MOV-02015,Salida,AA1127,1,2026-07-02,,FLOTA LOZ474,MATIAS
MOV-02016,Salida,FS1280,1,2026-07-03,R/I,CLARO,PEDRO
MOV-02017,Salida,LF3345,1,2026-07-03,,CLARO,PEDRO
MOV-02018,Salida,AF1855,1,2026-07-03,,CLARO,PEDRO
MOV-02019,Salida,FF5052,1,2026-07-03,,CLARO,PEDRO
MOV-02020,Salida,AL12,1,2026-07-03,R/I,AM CORDOBA IVECO,MATIAS
MOV-02021,Salida,KC440,1,2026-07-03,,AM CORDOBA IVECO,MATIAS
MOV-02022,Salida,KC637D,1,2026-07-03,,AM CORDOBA IVECO,MATIAS
MOV-02023,Salida,OC502,1,2026-07-03,,AM CORDOBA IVECO,MATIAS
MOV-02024,Salida,LXS261,1,2026-07-03,,AM CORDOBA IVECO,MATIAS
MOV-02025,Salida,LX1070,1,2026-07-03,,AM CORDOBA IVECO,MATIAS
MOV-02026,Salida,R90-30M,1,2026-07-03,R/I,AM CORDOBA ITM990,MATIAS
MOV-02027,Salida,OX174D,1,2026-07-03,,AM CORDOBA ITM991,MATIAS
MOV-02028,Salida,LXS261,1,2026-07-03,,AM CORDOBA ITM992,MATIAS
MOV-02029,Salida,AL12,1,2026-07-03,,AM CORDOBA ITM993,MATIAS
MOV-02030,Salida,KX67/2D,1,2026-07-03,,AM CORDOBA ITM994,MATIAS
MOV-02031,Salida,LX1070,1,2026-07-03,,AM CORDOBA ITM995,MATIAS
MOV-02032,Salida,250022-669,1,2026-07-03,Rº18926,MAXION MONTICH S.A,MATIAS
MOV-02033,Salida,02250218-885,1,2026-07-03,R/I,NEUMATICA DE AVANZADA,MANUEL
MOV-02034,Salida,250022-669,1,2026-07-03,,NEUMATICA DE AVANZADA,MANUEL
MOV-02035,Salida,02250193-571,1,2026-07-06,R/I,PROMA,DAVID
MOV-02036,Salida,02250193-593,1,2026-07-06,,PROMA,DAVID
MOV-02037,Salida,02250168-084,1,2026-07-06,,PROMA,DAVID
MOV-02038,Salida,02250193-535,2,2026-07-06,,PROMA,DAVID
MOV-02039,Salida,02250218-885,1,2026-07-06,,PROMA,DAVID
MOV-02040,Salida,02250168-053,1,2026-07-06,,PROMA,DAVID
MOV-02041,Salida,250022-669,1,2026-07-06,,PROMA,DAVID
MOV-02042,Salida,02250137-895,1,2026-07-03,R/I,CIA ALIMENTOS Y CEREALES,DIEGO
MOV-02043,Salida,250025-525,1,2026-07-03,,CIA ALIMENTOS Y CEREALES,DIEGO
MOV-02044,Salida,040899RA,1,2026-07-03,,CIA ALIMENTOS Y CEREALES,DIEGO
MOV-02045,Salida,ELECT. VAL 2 VIAS ABAJO,1,2026-07-03,,CIA ALIMENTOS Y CEREALES,DIEGO
MOV-02046,Salida,02250049-634,1,2026-07-03,,CIA ALIMENTOS Y CEREALES,DIEGO
MOV-02047,Salida,49905,1,2026-07-03,,CIA ALIMENTOS Y CEREALES,DIEGO
MOV-02048,Salida,270008-586,1,2026-07-03,,CIA ALIMENTOS Y CEREALES,DIEGO
MOV-02049,Salida,250022-669,1,2026-07-03,,CIA ALIMENTOS Y CEREALES,DIEGO
MOV-02050,Salida,MDH362/8,1,2026-07-06,R/I,MUNICIPALIDAD DE MALG. FRONTIER,MANUEL
MOV-02051,Salida,LF3000,1,2026-07-06,R/I,KLOCKNER,JUAN
MOV-02052,Salida,FS1280,1,2026-07-06,,KLOCKNER,JUAN
MOV-02053,Salida,WF2070,1,2026-07-06,,KLOCKNER,JUAN
MOV-02054,Salida,FF5052,1,2026-07-06,,KLOCKNER,JUAN
MOV-02055,Salida,FF5079,1,2026-07-06,,KLOCKNER,JUAN
MOV-02056,Salida,AF25571,1,2026-07-06,,KLOCKNER,JUAN
MOV-02057,Salida,AF25570,1,2026-07-06,,KLOCKNER,JUAN
MOV-02058,Salida,CC2848,1,2026-07-06,,KLOCKNER,JUAN
MOV-02059,Salida,CC2825,2,2026-07-06,,KLOCKNER,JUAN
MOV-02060,Salida,LF4054,1,2026-07-07,R/I,CANTERAS SAN NICOLAS,DAVID
MOV-02061,Salida,02250215-617,1,2026-07-07,,CANTERAS SAN NICOLAS,DAVID
MOV-02062,Salida,02250125-372,1,2026-07-07,,CANTERAS SAN NICOLAS,DAVID
MOV-02063,Salida,250022-669,1,2026-07-07,R°18927,SERVAGROP HDO S.A,MATIAS
MOV-02064,Salida,250034-116,1,2026-07-08,R°18930,PLASTICOS BOULEVARES S.R.L,CRISTIAN
MOV-02065,Salida,250042-862,1,2026-07-08,,PLASTICOS BOULEVARES S.R.L,CRISTIAN
MOV-02066,Salida,250022-669,1,2026-07-08,,PLASTICOS BOULEVARES S.R.L,CRISTIAN
MOV-02067,Salida,02250168-053,1,2026-07-08,R°18929,DI.MA.FLO,MATIAS
MOV-02068,Salida,02250168-084,1,2026-07-08,,DI.MA.FLO,MATIAS
MOV-02069,Salida,02250100-755,1,2026-07-13,R/I,Roggio Ferroindustrial,DAVID
MOV-02070,Salida,02250100-756,1,2026-07-13,,Roggio Ferroindustrial,DAVID
MOV-02071,Salida,250025-526,2,2026-07-13,,Roggio Ferroindustrial,DAVID
MOV-02072,Salida,270009-102 (EF-443),2,2026-07-13,,Roggio Ferroindustrial,DAVID
MOV-02073,Salida,270009-103 (EF-436),2,2026-07-13,,Roggio Ferroindustrial,DAVID
MOV-02074,Salida,KC182,1,2026-07-13,R/I,COMAR,MATIAS
MOV-02075,Salida,4954905-CMM,1,2026-07-13,R°18935,ACEITERA GENERAL DEHEZA S.A,MATIAS
MOV-02076,Salida,270002-709,1,2026-07-13,R°18933,BIOFARMA S.A,CRISTIAN
MOV-02077,Salida,191-2460-ONA,1,2026-07-13,R°18934,ACA BIO COOP. LIMITADA,CRISTIAN
MOV-02078,Salida,500004310732,1,2026-07-13,,ACA BIO COOP. LIMITADA,CRISTIAN
MOV-02079,Salida,02250218-885,1,2026-07-13,R°18932,F2J TECHPLAST S.A,CRISTIAN
MOV-02080,Salida,02250168-084,1,2026-07-13,,F2J TECHPLAST S.A,CRISTIAN
MOV-02081,Salida,02250168-053,1,2026-07-13,,F2J TECHPLAST S.A,CRISTIAN
MOV-02082,Salida,250022-669,1,2026-07-13,,F2J TECHPLAST S.A,CRISTIAN
MOV-02083,Salida,ML5052,3,2026-07-13,R/I,MINERAR,JUAN
MOV-02084,Salida,ML1280,1,2026-07-13,,MINERAR,JUAN
MOV-02085,Salida,ML3349,1,2026-07-13,,MINERAR,JUAN
MOV-02086,Salida,OC60,1,2026-07-13,,MINERAR,JUAN
MOV-02087,Salida,FILTROS 405158RA ?,1,2026-07-13,,MINERAR,JUAN
MOV-02088,Salida,02250215-617,1,2026-07-13,R/I,MANTENIMIENTOS SALERA,PEDRO
MOV-02089,Salida,02250155-709,1,2026-07-13,,MANTENIMIENTOS SALERA,PEDRO
MOV-02090,Salida,02250125-372,1,2026-07-13,,MANTENIMIENTOS SALERA,PEDRO
MOV-02091,Salida,250032-482,2,2026-07-13,,MANTENIMIENTOS SALERA,PEDRO
MOV-02092,Salida,HAD-20B,1,2026-07-13,R/I,CANTERA SAN NICOLAS,MANUEL
MOV-02093,Salida,02250155-175,1,2026-07-14,R°18936,TRANSP. GAS DEL NORTE S.A,MATIAS
MOV-02094,Salida,2183910,1,2026-07-14,R°18937,ATANOR S.C.A,MATIAS
MOV-02095,Salida,AH1136-FLE,1,2026-07-15,R/I,BOLSA DE CEREALES,DAVID
MOV-02096,Salida,LF3349-FLE,1,2026-07-15,,BOLSA DE CEREALES,DAVID
MOV-02097,Salida,FS1280-FLE,1,2026-07-15,,BOLSA DE CEREALES,DAVID
MOV-02098,Salida,FF5052-FLE,1,2026-07-15,,BOLSA DE CEREALES,DAVID
MOV-02099,Salida,CC2848,2,2026-07-15,,BOLSA DE CEREALES,DAVID
MOV-02100,Salida,250019-453,1,2026-07-16,R°18940,FRIGORIFICO GENERAL DEHEZA S.A,CRISTIAN
MOV-02101,Salida,02250125-372,1,2026-07-17,R°18942,COOPERATIVA ELEC. MIXTA DEL OESTE,MATIAS
MOV-02102,Salida,02250155-709,1,2026-07-17,,COOPERATIVA ELEC. MIXTA DEL OESTE,MATIAS
MOV-02103,Salida,02250215-617,1,2026-07-17,,COOPERATIVA ELEC. MIXTA DEL OESTE,MATIAS
MOV-02104,Salida,250032-482,2,2026-07-17,,COOPERATIVA ELEC. MIXTA DEL OESTE,MATIAS
MOV-02105,Salida,02250137-895,3,2026-07-17,R°18941,ANDRES N. BERTOTTO S.A.I.C,TACO
MOV-02106,Salida,250022-669,1,2026-07-17,,ANDRES N. BERTOTTO S.A.I.C,TACO
MOV-02107,Salida,KL582,1,2026-07-20,R/I,PEUGEOT YASMIN,MATIAS
MOV-02108,Salida,MDH201,1,2026-07-20,,PEUGEOT YASMIN,MATIAS
MOV-02109,Salida,LX1451,1,2026-07-20,,PEUGEOT YASMIN,MATIAS
MOV-02110,Salida,EF-436,1,2026-07-20,R/I,FRIGORIFICO CORONEL MOLDE,MATIAS
MOV-02111,Salida,EF-443,1,2026-07-20,,FRIGORIFICO CORONEL MOLDE,MATIAS
MOV-02112,Salida,250025-526,1,2026-07-20,,FRIGORIFICO CORONEL MOLDE,MATIAS
MOV-02113,Salida,´000098,1,2026-07-20,,FRIGORIFICO CORONEL MOLDE,MATIAS
MOV-02114,Salida,02250057-036,1,2026-07-20,,COTAHUA,MATIAS
MOV-02115,Salida,250022-669,15,2026-07-21,R°18947,FMRT,MATIAS
MOV-02116,Salida,250025-526,3,2026-07-21,,FMRT,MATIAS
MOV-02117,Salida,250034-085,3,2026-07-21,,FMRT,MATIAS
MOV-02118,Salida,02250145-897,2,2026-07-21,,FMRT,MATIAS
MOV-02119,Salida,02250048-734,3,2026-07-21,,FMRT,MATIAS
MOV-02120,Salida,405158RA,2,2026-07-21,,FMRT,MATIAS
MOV-02121,Salida,02250135-155,1,2026-07-21,,FMRT,MATIAS
MOV-02122,Salida,02250125-372,1,2026-07-21,,FMRT,MATIAS
MOV-02123,Salida,02250155-709,1,2026-07-21,,FMRT,MATIAS
MOV-02124,Salida,02250215-617,1,2026-07-21,,FMRT,MATIAS
MOV-02125,Salida,02250135-150,1,2026-07-21,,FMRT,MATIAS
MOV-02126,Salida,250034-122,1,2026-07-21,,FMRT,MATIAS
MOV-02127,Salida,250034-134,1,2026-07-21,,FMRT,MATIAS
MOV-02128,Salida,02250139-995,1,2026-07-21,,FMRT,MATIAS
MOV-02129,Salida,`001692,1,2026-07-21,,FMRT,MATIAS
MOV-02130,Salida,02250215-617,1,2026-07-21,R°18948,INGERSOLL ARG S.A,MATIAS
MOV-02131,Salida,250022-669,1,2026-07-21,,INGERSOLL ARG S.A,MATIAS
MOV-02132,Salida,250018-551,1,2026-07-21,R°18946,BIOFARMA S.A,MATIAS
MOV-02133,Salida,250018-008,1,2026-07-21,,BIOFARMA S.A,MATIAS
MOV-02134,Salida,´000751,1,2026-07-21,,BIOFARMA S.A,MATIAS
MOV-02135,Salida,400215,8,2026-07-21,R°18945,VOLKSWAGEN ARGENTINA S.A,MATIAS
MOV-02136,Salida,HD 932-2 X,1,2026-07-22,R/I,MUNI MALAGUEÑO,MATIAS
MOV-02137,Salida,250034-112,3,2026-07-22,R°18950,ESTRUCTURAS S.AC.I.C.I. YF,MATIAS
MOV-02138,Salida,02250078-031,1,2026-07-22,R°18949,ROMERO PABLO JAVIER,MATIAS
MOV-02139,Salida,250028-032,1,2026-07-22,,ROMERO PABLO JAVIER,MATIAS
MOV-02140,Salida,41992,1,2026-07-23,Rº18951,EMBOTELLADORA DEL ATLANTICO S.A,MAXI
MOV-02141,Salida,4360328S,1,2026-07-23,,EMBOTELLADORA DEL ATLANTICO S.A,MAXI
MOV-02142,Salida,02250193-595,1,2026-07-23,,EMBOTELLADORA DEL ATLANTICO S.A,MAXI
MOV-02143,Salida,02250193-573,1,2026-07-23,,EMBOTELLADORA DEL ATLANTICO S.A,MAXI
MOV-02144,Salida,ADC120-24,2,2026-07-23,R/I,CLARO,MATIAS
MOV-02145,Salida,FF5052,1,2026-07-23,R/I,CAMINO DE LAS SIERRAS,DIEGO
MOV-02146,Salida,250025-526,1,2026-07-24,R/I,MAXION MONTICH,MATIAS
MOV-02147,Salida,02250175-062,1,2026-07-24,,MAXION MONTICH,MATIAS
MOV-02148,Salida,02250175-063,1,2026-07-24,,MAXION MONTICH,MATIAS
MOV-02149,Salida,AA1288/1,1,2026-07-24,R/I,HILUX MANUEL,MATIAS
MOV-02150,Salida,FN953,1,2026-07-24,,HILUX MANUEL,MATIAS
MOV-02151,Salida,OC988,1,2026-07-24,,HILUX MANUEL,MATIAS
MOV-02152,Salida,LA1045,1,2026-07-24,,HILUX MANUEL,MATIAS
MOV-02153,Salida,6.4432.0,1,2026-07-24,R/I,MATEUCCI DESARROLLOS TERRA,DIEGO
MOV-02154,Salida,6.3792.2,1,2026-07-24,,MATEUCCI DESARROLLOS TERRA,DIEGO
MOV-02155,Salida,HF7535,1,2026-07-24,,MATEUCCI DESARROLLOS TERRA,DIEGO
MOV-02156,Salida,02250183-035,1,2026-07-24,R°18953,NOAL S.A,MATIAS
MOV-02157,Salida,02250100-042,1,2026-07-24,R/I,INDUSTRIAS LAM,DIEGO
MOV-02158,Salida,02250115-272,1,2026-07-24,,INDUSTRIAS LAM,DIEGO
MOV-02159,Salida,02250155-971,1,2026-07-24,,INDUSTRIAS LAM,DIEGO
MOV-02160,Salida,02250127-684,1,2026-07-24,,INDUSTRIAS LAM,DIEGO
MOV-02161,Salida,02250155-709,1,2026-07-24,,INDUSTRIAS LAM,DIEGO
MOV-02162,Salida,02250155-709,1,2026-07-24,,INDUSTRIAS LAM,DIEGO
MOV-02163,Salida,49905,1,2026-07-27,R/I,INDUSTRIAS LAM,DIEGO
MOV-02164,Salida,250032-482,1,2026-07-27,,INDUSTRIAS LAM,DIEGO
MOV-02165,Salida,FS1280,1,2026-07-27,R/I,CHEDIACK,MATIAS
MOV-02166,Salida,OC988,1,2026-07-27,,CHEDIACK,MATIAS
MOV-02167,Salida,270009-081,2,2026-07-27,R°18957,F2J TECHPLAST S.A,CRISTIAN
MOV-02168,Salida,270009-082,2,2026-07-27,,F2J TECHPLAST S.A,CRISTIAN
MOV-02169,Salida,250025-526,3,2026-07-27,,F2J TECHPLAST S.A,CRISTIAN
MOV-02170,Salida,02250137-895,1,2026-07-27,R/I,CAPYC,DIEGO
MOV-02171,Salida,250025-525,1,2026-07-27,,CAPYC,DIEGO
MOV-02172,Salida,040899RA,1,2026-07-27,,CAPYC,DIEGO
MOV-02173,Salida,02250196-470,1,2026-07-27,,CAPYC,DIEGO
MOV-02174,Salida,MR378,1,2026-07-28,R/I,INDUSPLAST,MATIAS
MOV-02175,Salida,MR378/S,1,2026-07-28,,INDUSPLAST,MATIAS
MOV-02176,Salida,LB916,1,2026-07-28,,INDUSPLAST,MATIAS
MOV-02177,Salida,KC83,1,2026-07-28,,INDUSPLAST,MATIAS
MOV-02178,Salida,OC501,1,2026-07-28,,INDUSPLAST,MATIAS
MOV-02179,Salida,MR378,1,2026-07-30,R/I,INDUSPLAST,MATIAS
MOV-02180,Salida,MR378/S,1,2026-07-30,,INDUSPLAST,MATIAS
MOV-02181,Salida,LB916,1,2026-07-30,,INDUSPLAST,MATIAS
MOV-02182,Salida,KC83,1,2026-07-30,,INDUSPLAST,MATIAS
MOV-02183,Salida,OC501,1,2026-07-30,,INDUSPLAST,MATIAS
MOV-02184,Salida,MR378,1,2026-07-31,R/I,INDUSPLAST,MATIAS
MOV-02185,Salida,MR378/S,1,2026-07-31,,INDUSPLAST,MATIAS
MOV-02186,Salida,OC988,1,2026-07-31,,INDUSPLAST,MATIAS
MOV-02187,Salida,KC83,1,2026-07-31,,INDUSPLAST,MATIAS
MOV-02188,Salida,OC501,1,2026-07-31,,INDUSPLAST,MATIAS
MOV-02189,Salida,´040146,2,2026-07-31,R°18961,PAGANINI COMBA HNOS Y CIA S.R.L,MATIAS
MOV-02190,Salida,02250125-372,1,2026-07-31,R°18963,WALTER OSCAR CALVO,MATIAS
MOV-02191,Salida,02250100-755,1,2026-07-31,R°18962,SERVAGROP HDO S.A,MATIAS
MOV-02192,Salida,250022-669,1,2026-08-03,R°18964,ANGEL ESTRADA Y COMPAÑIA S.A,MATIAS
MOV-02193,Salida,250028-036,1,2026-08-03,R/I,GAMISOL,DAVID
MOV-02194,Salida,02250043-291,1,2026-08-03,,GAMISOL,DAVID
MOV-02195,Salida,88290014-484,2,2026-08-03,R°18965,AGROIMPERIO S.R.L,CRISTIAN
MOV-02196,Salida,88290014-485,2,2026-08-03,,AGROIMPERIO S.R.L,CRISTIAN
MOV-02197,Salida,250034-122,1,2026-08-03,R°18966,METALURGICA ROMA,MATIAS
MOV-02198,Salida,250034-134,1,2026-08-03,,METALURGICA ROMA,MATIAS
MOV-02199,Salida,02250139-995,1,2026-08-03,,METALURGICA ROMA,MATIAS
MOV-02200,Salida,02250135-150,1,2026-08-03,,METALURGICA ROMA,MATIAS
MOV-02201,Salida,250022-669,6,2026-08-03,,METALURGICA ROMA,MATIAS
MOV-02202,Salida,KC83,1,2026-08-05,R/I,INDUSPLAST,MATIAS
MOV-02203,Salida,OC988,1,2026-08-05,,INDUSPLAST,MATIAS
MOV-02204,Salida,OC203,1,2026-08-05,,INDUSPLAST,MATIAS
MOV-02205,Salida,MR378,1,2026-08-05,,INDUSPLAST,MATIAS
MOV-02206,Salida,MR378/S,1,2026-08-05,,INDUSPLAST,MATIAS
MOV-02207,Salida,1001178139-JLG,1,2026-08-05,R°18967,Pymem Ingenieria,MATIAS
MOV-02208,Salida,ML1280,1,2026-08-05,R/I,MINERAR,MATIAS
MOV-02209,Salida,ML3349,1,2026-08-05,,MINERAR,MATIAS
MOV-02210,Salida,ML5052,3,2026-08-05,,MINERAR,MATIAS
MOV-02211,Salida,OC60,1,2026-08-05,,MINERAR,MATIAS
MOV-02212,Salida,HAD-20B,2,2026-08-06,R/I,QUIMVAR,JUAN
MOV-02213,Salida,250005-185,2,2026-08-06,R/I,FLOTA AIR POWER,DIEGO
MOV-02214,Salida,FS19732,1,2026-08-06,R/I,AM CORDOBA,CRISTIAN
MOV-02215,Salida,LF3970,1,2026-08-06,,AM CORDOBA,CRISTIAN
MOV-02216,Salida,ML5421,1,2026-08-06,,AM CORDOBA,CRISTIAN
MOV-02217,Salida,V-719,1,2026-08-06,,AM CORDOBA,CRISTIAN
MOV-02218,Salida,V-720,1,2026-08-06,,AM CORDOBA,CRISTIAN
MOV-02219,Salida,LX2621,1,2026-08-06,,AM CORDOBA,CRISTIAN
MOV-02220,Salida,AL12,1,2026-08-06,,AM CORDOBA,CRISTIAN
MOV-02221,Salida,KC647/1,1,2026-08-06,,AM CORDOBA,CRISTIAN
MOV-02222,Salida,OX174D,1,2026-08-06,,AM CORDOBA,CRISTIAN
MOV-02223,Salida,KX67/2D,1,2026-08-06,,AM CORDOBA,CRISTIAN
MOV-02224,Salida,FAC973,1,2026-08-06,,AM CORDOBA,CRISTIAN
MOV-02225,Salida,250025-526,1,2026-08-06,R°18968,FRIGORIFICO GENERAL DEHEZA S.A,MATIAS
MOV-02226,Salida,270009-102,1,2026-08-06,,FRIGORIFICO GENERAL DEHEZA S.A,MATIAS
MOV-02227,Salida,270009-103,1,2026-08-06,,FRIGORIFICO GENERAL DEHEZA S.A,MATIAS
MOV-02228,Salida,250032-482,2,2026-08-06,,FRIGORIFICO GENERAL DEHEZA S.A,MATIAS
MOV-02229,Salida,250022-669,1,2026-08-06,R°18970,COTA S.A,MATIAS
MOV-02230,Salida,02250057-036,1,2026-08-07,R/I,CORMETAL,HUGO
MOV-02231,Salida,02250078-031,1,2026-08-07,R/I,COOP.GRAL LAVALLE,DIEGO
MOV-02232,Salida,408107,1,2026-08-07,,COOP.GRAL LAVALLE,DIEGO
MOV-02233,Salida,`004115,1,2026-08-07,,COOP.GRAL LAVALLE,DIEGO
MOV-02234,Salida,EF-440,1,2026-08-07,,COOP.GRAL LAVALLE,DIEGO
MOV-02235,Salida,EF-434,1,2026-08-07,,COOP.GRAL LAVALLE,DIEGO
MOV-02236,Salida,02250137-895,1,2026-08-07,R°18971,COTAHUA S.A,MATIAS
MOV-02237,Salida,250025-525,1,2026-08-07,,COTAHUA S.A,MATIAS
MOV-02238,Salida,040899RA,1,2026-08-07,,COTAHUA S.A,MATIAS
MOV-02239,Salida,250032-482,2,2026-08-07,,COTAHUA S.A,MATIAS
MOV-02240,Salida,02250125-372,1,2026-08-10,R/I,CORMETAL,MARCELO
MOV-02241,Salida,02250155-709,1,2026-08-10,,CORMETAL,MARCELO
MOV-02242,Salida,02250215-617,1,2026-08-10,,CORMETAL,MARCELO
MOV-02243,Salida,02250152-669,1,2026-08-10,,CORMETAL,MARCELO
MOV-02244,Salida,02250152-677,1,2026-08-10,,CORMETAL,MARCELO
MOV-02245,Salida,02250152-669,1,2026-08-10,R/I,MANTECA PRIMER PREMIO,RENE
MOV-02246,Salida,OX388D,1,2026-08-10,R/I,MANU,MATIAS
MOV-02247,Salida,KL596,1,2026-08-10,,MANU,MATIAS
MOV-02248,Salida,LX2046,1,2026-08-10,,MANU,MATIAS
MOV-02249,Salida,KL63,1,2026-08-10,R/I,INDUSPLAST,MATIAS
MOV-02250,Salida,02250155-709,6,2026-08-11,R/I,AGROACEITUNERA,MANUEL
MOV-02251,Salida,02250125-372,4,2026-08-11,,AGROACEITUNERA,MANUEL
MOV-02252,Salida,02250215-617,4,2026-08-11,,AGROACEITUNERA,MANUEL
MOV-02253,Salida,02250215-621,2,2026-08-11,,AGROACEITUNERA,MANUEL
MOV-02254,Salida,02250127-684,2,2026-08-11,,AGROACEITUNERA,MANUEL
MOV-02255,Salida,250022-669,2,2026-08-11,,AGROACEITUNERA,MANUEL
MOV-02256,Salida,AF25557,1,2026-08-13,R/I,INDUSPLAST,MATIAS
MOV-02257,Salida,FF5079,1,2026-08-13,,INDUSPLAST,MATIAS
MOV-02258,Salida,02250152-671,1,2026-08-13,R/I,ALICAN S.A,CRISTIAN
MOV-02259,Salida,02250152-679,1,2026-08-13,,ALICAN S.A,CRISTIAN
MOV-02260,Salida,OC502,1,2026-08-13,R/I,INDUSPLAST,MATIAS
MOV-02261,Salida,KC509,1,2026-08-13,,INDUSPLAST,MATIAS
MOV-02262,Salida,OC502,1,2026-08-14,,INDUSPLAST,MATIAS
MOV-02263,Salida,FF5079,1,2026-08-14,,INDUSPLAST,MATIAS
MOV-02264,Salida,AF2555700JX,1,2026-08-14,,INDUSPLAST,MATIAS
MOV-02265,Salida,WK94012,1,2026-08-14,,INDUSPLAST,MATIAS
MOV-02266,Salida,02250209-579,1,2026-08-14,R°18979,VIDPIA SAICF,CRISTIAN
MOV-02267,Salida,02250168-084,2,2026-08-14,,VIDPIA SAICF,CRISTIAN
MOV-02268,Salida,250022-669,1,2026-08-14,,VIDPIA SAICF,CRISTIAN
MOV-02269,Salida,88290015-567,1,2026-08-18,R°18980,ENZO JORGE WILMAR JERKE,MATIAS
MOV-02270,Salida,88290014-484,1,2026-08-18,,ENZO JORGE WILMAR JERKE,MATIAS
MOV-02271,Salida,88290014-485,1,2026-08-18,,ENZO JORGE WILMAR JERKE,MATIAS
MOV-02272,Salida,OC60,1,2026-08-18,R/I,INDUSPLAST,MATIAS
MOV-02273,Salida,OC47,1,2026-08-18,,INDUSPLAST,MATIAS
MOV-02274,Salida,ML1280G,1,2026-08-18,,INDUSPLAST,MATIAS
MOV-02275,Salida,02250125-372,4,2026-08-18,R°18958,JUAN BLANGINO,MATIAS
MOV-02276,Salida,02250155-709,2,2026-08-18,,JUAN BLANGINO,MATIAS
MOV-02277,Salida,02250127-684,2,2026-08-18,,JUAN BLANGINO,MATIAS
MOV-02278,Salida,250006-938,1,2026-08-19,R°18983,VULCANO S.A,MATIAS
MOV-02279,Salida,250025-526,2,2026-08-19,R°18984,PLASTICOS BOULEVARES,MATIAS
MOV-02280,Salida,´000098,1,2026-08-19,,PLASTICOS BOULEVARES,MATIAS
MOV-02281,Salida,270009-102 (EF-443),1,2026-08-19,,PLASTICOS BOULEVARES,MATIAS
MOV-02282,Salida,270009-103 (EF-436),1,2026-08-19,,PLASTICOS BOULEVARES,MATIAS
MOV-02283,Salida,02250135-155,1,2026-08-19,,PLASTICOS BOULEVARES,MATIAS
MOV-02284,Salida,88290014-484,1,2026-08-21,R/I,QUICKFOOD,MATIAS
MOV-02285,Salida,88290014-486,1,2026-08-21,,QUICKFOOD,MATIAS
MOV-02286,Salida,88290015-049,1,2026-08-21,,QUICKFOOD,MATIAS
MOV-02287,Salida,250032-482,1,2026-08-21,,QUICKFOOD,MATIAS
MOV-02288,Salida,02250092-081,1,2026-08-21,,QUICKFOOD,MATIAS
MOV-02289,Salida,88290015-219,1,2026-08-21,,QUICKFOOD,MATIAS
MOV-02290,Salida,6.3760.0,1,2026-08-21,R/I,QUIMVAR,DAVID
MOV-02291,Salida,6.4139.0,1,2026-08-21,,QUIMVAR,DAVID
MOV-02292,Salida,6.3568.0,1,2026-08-21,,QUIMVAR,DAVID
MOV-02293,Salida,6.3567.0,1,2026-08-21,,QUIMVAR,DAVID
MOV-02294,Salida,6.4149.2,1,2026-08-21,,QUIMVAR,DAVID
MOV-02295,Salida,6.3465.0,1,2026-08-21,,QUIMVAR,DAVID
MOV-02296,Salida,FS1280,1,2026-08-20,R/I,GRUPO PUMA FERNANDO,MATIAS
MOV-02297,Salida,LF3349,1,2026-08-20,,GRUPO PUMA FERNANDO,MATIAS
MOV-02298,Salida,FF5052,1,2026-08-20,,GRUPO PUMA FERNANDO,MATIAS
MOV-02299,Salida,250019-453,1,2026-08-21,Rª18982,MACOSER,MATIAS
MOV-02300,Salida,250031-438,1,2026-08-21,,MACOSER,MATIAS
MOV-02301,Salida,901524.0,1,2026-08-24,R/I,MATEUCCI DESARROLLOS TERRA,DIEGO
MOV-02302,Salida,901504.0,1,2026-08-24,,MATEUCCI DESARROLLOS TERRA,DIEGO
MOV-02303,Salida,02250155-709,1,2026-08-24,R°18988,MOLINOS FENIX S.A,CRISTIAN
MOV-02304,Salida,02250127-684,1,2026-08-24,,MOLINOS FENIX S.A,CRISTIAN
MOV-02305,Salida,250032-482,2,2026-08-24,,MOLINOS FENIX S.A,CRISTIAN
MOV-02306,Salida,02250139-296,1,2026-08-25,R°18991,ESTRUCTURAS S.AC.I.C.I. YF,CRISTIAN
MOV-02307,Salida,02250222-539,1,2026-08-25,R°18990,CAPYC COOP. LTDA,DIEGO
MOV-02308,Salida,250025-526,1,2026-08-25,,CAPYC COOP. LTDA,DIEGO
MOV-02309,Salida,02250135-155,1,2026-08-25,,CAPYC COOP. LTDA,DIEGO
MOV-02310,Salida,02250194-977,1,2026-08-25,,CAPYC COOP. LTDA,DIEGO
MOV-02311,Salida,02250194-978,1,2026-08-25,,CAPYC COOP. LTDA,DIEGO
MOV-02312,Salida,02250136-694,1,2026-08-25,,CAPYC COOP. LTDA,DIEGO
MOV-02313,Salida,270001-030,1,2026-08-25,,CAPYC COOP. LTDA,DIEGO
MOV-02314,Salida,02250194-962,1,2026-08-25,,CAPYC COOP. LTDA,DIEGO
MOV-02315,Salida,02250194-963,1,2026-08-25,,CAPYC COOP. LTDA,DIEGO
MOV-02316,Salida,02250155-709,1,2026-08-25,R/I,GABEBADI,MATIAS
MOV-02317,Salida,02250215-621,1,2026-08-25,,GABEBADI,MATIAS
MOV-02318,Salida,250022-669,1,2026-08-25,,GABEBADI,MATIAS
MOV-02319,Salida,02250127-684,1,2026-08-25,,GABEBADI,MATIAS
MOV-02320,Salida,250019-453,1,2026-08-26,R°18992,FRIGORIFICO GENERAL DEHEZA S.A,MATIAS
MOV-02321,Salida,02250100-042,1,2026-08-26,,FRIGORIFICO GENERAL DEHEZA S.A,MATIAS
MOV-02322,Salida,270008-586,1,2026-08-26,,FRIGORIFICO GENERAL DEHEZA S.A,MATIAS
MOV-02323,Salida,KL63,1,2026-08-26,R/I,COMAR,JUAN
MOV-02324,Salida,KC182,1,2026-08-26,,COMAR,JUAN
MOV-02325,Salida,02250125-372,1,2026-08-26,R/I,OLIVES (SERVICIO),MANUEL
MOV-02326,Salida,02250155-709,1,2026-08-26,,OLIVES (SERVICIO),MANUEL
MOV-02327,Salida,AF1850-FLE,1,2026-08-27,R/I,REGISTRO DE LA PROVINCIA,DAVID
MOV-02328,Salida,FF105D-FLE,1,2026-08-27,,REGISTRO DE LA PROVINCIA,DAVID
MOV-02329,Salida,LF9009 / LF3000,1,2026-08-27,,REGISTRO DE LA PROVINCIA,DAVID
MOV-02330,Salida,WF2072-FLE,1,2026-08-27,,REGISTRO DE LA PROVINCIA,DAVID
MOV-02331,Salida,OC988,1,2026-08-27,R/I,GASTON (SERV),
MOV-02332,Salida,FN953,1,2026-08-27,,GASTON (SERV),
MOV-02333,Salida,AA1288/1,1,2026-08-27,,GASTON (SERV),
MOV-02334,Salida,LA1045,1,2026-08-27,,GASTON (SERV),
MOV-02335,Salida,FF5052,1,2026-08-28,R/I,SEW EURODRIVE,DAVID
MOV-02336,Salida,FS1280,1,2026-08-28,,SEW EURODRIVE,DAVID
MOV-02337,Salida,LF3345,1,2026-08-28,,SEW EURODRIVE,DAVID
MOV-02338,Salida,AH8742,1,2026-08-28,,SEW EURODRIVE,DAVID
MOV-02339,Salida,CC2848,1,2026-08-28,,SEW EURODRIVE,DAVID
MOV-02340,Salida,W962,1,2026-08-28,R/I,COMAR,DAVID
MOV-02341,Salida,FILTRO DE AIRE MV-50,1,2026-08-28,,COMAR,DAVID
MOV-02342,Salida,88290014-484,1,2026-08-31,R/I,INDUSPLAST,DAVID
MOV-02343,Salida,88290014-485,1,2026-08-31,,INDUSPLAST,DAVID
MOV-02344,Salida,88290014-534,1,2026-08-31,R/I,INDUSPLAST,DAVID
